time,input,setpoint,control_action,system_output
0.0,0.0,0.0,0.0,0.0
0.1,0.0,0.0,0.0,0.0
0.2,0.0,0.0,0.0,0.0
0.3,0.0,0.0,0.0,0.0
0.4,0.0,0.0,0.0,0.0
0.5,0.0,0.0,0.0,0.0
0.6000000000000001,0.0,0.0,0.0,0.0
0.7000000000000001,0.0,0.0,0.0,0.0
0.8,0.0,0.0,0.0,0.0
0.9,0.0,0.0,0.0,0.0
1.0,0.0,0.0,0.0,0.0
1.1,0.0,0.0,0.0,0.0
1.2000000000000002,0.0,0.0,0.0,0.0
1.3,0.0,0.0,0.0,0.0
1.4,0.0,0.0,0.0,0.0
1.5,0.0,0.0,0.0,0.0
1.6,0.0,0.0,0.0,0.0
1.7000000000000002,0.0,0.0,0.0,0.0
1.8,0.0,0.0,0.0,0.0
1.9,0.0,0.0,0.0,0.0
2.0,0.0,0.0,0.0,0.0
2.1,0.0,0.0,0.0,0.0
2.2,0.0,0.0,0.0,0.0
2.3000000000000003,0.0,0.0,0.0,0.0
2.4000000000000004,0.0,0.0,0.0,0.0
2.5,0.0,0.0,0.0,0.0
2.6,0.0,0.0,0.0,0.0
2.7,0.0,0.0,0.0,0.0
2.8000000000000003,0.0,0.0,0.0,0.0
2.9000000000000004,0.0,0.0,0.0,0.0
3.0,0.0,0.0,0.0,0.0
3.1,0.0,0.0,0.0,0.0
3.2,0.0,0.0,0.0,0.0
3.3000000000000003,0.0,0.0,0.0,0.0
3.4000000000000004,0.0,0.0,0.0,0.0
3.5,0.0,0.0,0.0,0.0
3.6,0.0,0.0,0.0,0.0
3.7,0.0,0.0,0.0,0.0
3.8,0.0,0.0,0.0,0.0
3.9,0.0,0.0,0.0,0.0
4.0,0.0,0.0,0.0,0.0
4.1000000000000005,0.0,0.0,0.0,0.0
4.2,0.0,0.0,0.0,0.0
4.3,0.0,0.0,0.0,0.0
4.4,0.0,0.0,0.0,0.0
4.5,0.0,0.0,0.0,0.0
4.6000000000000005,0.0,0.0,0.0,0.0
4.7,0.0,0.0,0.0,0.0
4.800000000000001,0.0,0.0,0.0,0.0
4.9,0.0,0.0,0.0,0.0
5.0,0.0,0.0,0.0,0.0
5.1000000000000005,0.0,0.0,0.0,0.0
5.2,0.0,0.0,0.0,0.0
5.300000000000001,0.0,0.0,0.0,0.0
5.4,0.0,0.0,0.0,0.0
5.5,0.0,0.0,0.0,0.0
5.6000000000000005,0.0,0.0,0.0,0.0
5.7,0.0,0.0,0.0,0.0
5.800000000000001,0.0,0.0,0.0,0.0
5.9,0.0,0.0,0.0,0.0
6.0,0.0,0.0,0.0,0.0
6.1000000000000005,0.0,0.0,0.0,0.0
6.2,0.0,0.0,0.0,0.0
6.300000000000001,0.0,0.0,0.0,0.0
6.4,0.0,0.0,0.0,0.0
6.5,0.0,0.0,0.0,0.0
6.6000000000000005,0.0,0.0,0.0,0.0
6.7,0.0,0.0,0.0,0.0
6.800000000000001,0.0,0.0,0.0,0.0
6.9,0.0,0.0,0.0,0.0
7.0,0.0,0.0,0.0,0.0
7.1000000000000005,0.0,0.0,0.0,0.0
7.2,0.0,0.0,0.0,0.0
7.300000000000001,0.0,0.0,0.0,0.0
7.4,0.0,0.0,0.0,0.0
7.5,0.0,0.0,0.0,0.0
7.6,0.0,0.0,0.0,0.0
7.7,0.0,0.0,0.0,0.0
7.800000000000001,0.0,0.0,0.0,0.0
7.9,0.0,0.0,0.0,0.0
8.0,0.0,0.0,0.0,0.0
8.1,0.0,0.0,0.0,0.0
8.200000000000001,0.0,0.0,0.0,0.0
8.3,0.0,0.0,0.0,0.0
8.4,0.0,0.0,0.0,0.0
8.5,0.0,0.0,0.0,0.0
8.6,0.0,0.0,0.0,0.0
8.700000000000001,0.0,0.0,0.0,0.0
8.8,0.0,0.0,0.0,0.0
8.9,0.0,0.0,0.0,0.0
9.0,0.0,0.0,0.0,0.0
9.1,0.0,0.0,0.0,0.0
9.2,0.0,0.0,0.0,0.0
9.3,0.0,0.0,0.0,0.0
9.4,0.0,0.0,0.0,0.0
9.5,0.0,0.0,0.0,0.0
9.6,0.0,0.0,0.0,0.0
9.7,0.0,0.0,0.0,0.0
9.8,0.0,0.0,0.0,0.0
9.9,0.0,0.0,0.5366300000000012,0.0
10.0,1.0,1.0,0.21316895516262754,0.0014740973060999461
10.1,1.0,1.0,0.2176397640341739,0.007688505941869171
10.2,1.0,1.0,0.2201797207656078,0.020331185944508365
10.3,1.0,1.0,0.22140897317364588,0.03919670669411133
10.4,1.0,1.0,0.22132914501887635,0.06407071325742437
10.5,1.0,1.0,0.21994407428884322,0.0947321644766061
10.6,1.0,1.0,0.2172603500077591,0.1309538002737113
10.7,1.0,1.0,0.21328725405685087,0.17250262238195527
10.8,1.0,1.0,0.20803670101427124,0.21914038045779918
10.9,1.0,1.0,0.20152317387196347,0.2706240625452348
11.0,1.0,1.0,0.1937636606398666,0.3267063798634876
11.1,1.0,1.0,0.1847775683901272,0.38713628352217877
11.2,1.0,1.0,0.1745866614188109,0.4516594488697502
11.3,1.0,1.0,0.16321497735995538,0.5200187744075293
11.4,1.0,1.0,0.1506887453541914,0.591954879017454
11.5,1.0,1.0,0.1370363009045044,0.6672065975344289
11.6,1.0,1.0,0.12228799793854438,0.7455114737370906
11.7,1.0,1.0,0.10647611828306679,0.8266062498395514
11.8,1.0,1.0,0.08963477875771325,0.9102273515816106
11.9,1.0,1.0,0.07179983609669137,0.9961113680339301
12.0,1.0,1.0,0.053008789908535886,1.083995525255353
12.1,1.0,1.0,0.03330068388488373,1.1736181529627119
12.2,1.0,1.0,0.012716005469743313,1.2647191433981193
12.3,1.0,1.0,-0.008703415799054523,1.3570404016046556
12.4,1.0,1.0,-0.030914547078382534,1.4503263534592348
12.5,1.0,1.0,-0.0538731259250558,1.5443241746541516
12.6,1.0,1.0,-0.07753393872273026,1.638784412791755
12.7,1.0,1.0,-0.10185082330105995,1.7334613287636085
12.8,1.0,1.0,-0.12677679863071845,1.8281132976444618
12.9,1.0,1.0,-0.1522641607998267,1.9225031778748924
13.0,1.0,1.0,-0.17826460104253544,2.016398696994077
13.1,1.0,1.0,-0.20472930270894232,2.109572803038784
13.2,1.0,1.0,-0.23160904725162432,2.2018040068312694
13.3,1.0,1.0,-0.25885431743298193,2.2928767088099216
13.4,1.0,1.0,-0.2864153996047838,2.3825815101612817
13.5,1.0,1.0,-0.3142424893027622,2.4707155162258796
13.6,1.0,1.0,-0.34228578494526357,2.557082608840685
13.7,1.0,1.0,-0.37049559094265017,2.64149371339591
13.8,1.0,1.0,-0.3988224139933997,2.7237670462971293
13.9,1.0,1.0,-0.4272170585761998,2.8037283454992696
14.0,1.0,1.0,-0.4556307205149278,2.8812110838905722
14.1,1.0,1.0,-0.4840150784626295,2.956056665337591
14.2,1.0,1.0,-0.5123223831575896,3.0281146032381034
14.3,1.0,1.0,-0.5405055713952337,3.097242731935861
14.4,1.0,1.0,-0.5685182425630751,3.1633071793447116
14.5,1.0,1.0,-0.5963149250632848,3.226182733302809
14.6,1.0,1.0,-0.6238509865713533,3.285752781341739
14.7,1.0,1.0,-0.6510827916758942,3.3419094499404998
14.8,1.0,1.0,-0.6779677590347257,3.394553677300801
14.9,1.0,1.0,-0.7044644260312477,3.443595258223982
15.0,1.0,1.0,-0.730532526479586,3.48895289553499
15.1,1.0,1.0,-0.7561330468023695,3.53055421471421
15.2,1.0,1.0,-0.7812282882932002,3.56833576704285
15.3,1.0,1.0,-0.8057819241336139,3.6022430158668826
15.4,1.0,1.0,-0.8297590529536433,3.6322303062264525
15.5,1.0,1.0,-0.8531262488822486,3.65826081812967
15.6,1.0,1.0,-0.8758516080396836,3.680306503776403
15.7,1.0,1.0,-0.8979047914314556,3.698348009064055
15.8,1.0,1.0,-0.9192570642109299,3.7123745797327836
15.9,1.0,1.0,-0.9398813312850722,3.7223839525322573
16.0,1.0,1.0,-0.9597521692451926,3.728382231815721
16.1,1.0,1.0,-0.9788458546117961,3.730383751989654
16.2,1.0,1.0,-0.9971403880694042,3.7284109256715605
16.3,1.0,1.0,-1.014615512373557,3.722494073341294
16.400000000000002,1.0,1.0,-1.0312527387616555,3.712671259785435
16.5,1.0,1.0,-1.0470353522150457,3.69898809754279
16.6,1.0,1.0,-1.061948423692816,3.6814975457337393
16.7,1.0,1.0,-1.0759788164411235,3.660259697758583
16.8,1.0,1.0,-1.0891151887256436,3.635341558385361
16.900000000000002,1.0,1.0,-1.1013479930418482,3.606816810794055
17.0,1.0,1.0,-1.1126694718528627,3.5747655741557054
17.1,1.0,1.0,-1.1230736499107463,3.5392741523355826
17.2,1.0,1.0,-1.1325563232228129,3.50043477431871
17.3,1.0,1.0,-1.1411150477385488,3.4583453325700404
17.400000000000002,1.0,1.0,-1.1487491554619718,3.413109174805146
17.5,1.0,1.0,-1.1554595916928219,3.364834598126824
17.6,1.0,1.0,-1.1612490875560733,3.313634791845283
17.7,1.0,1.0,-1.1661220174409763,3.2596274698315453
17.8,1.0,1.0,-1.170084394435959,3.2029345741242303
17.900000000000002,1.0,1.0,-1.1731438380014003,3.143681974667804
18.0,1.0,1.0,-1.1753095389406376,3.0819991657385617
18.1,1.0,1.0,-1.1765922217965663,3.018018959683023
18.2,1.0,1.0,-1.1770041047805826,2.9518771785884343
18.3,1.0,1.0,-1.1765588573461696,2.883712344504094
18.4,1.0,1.0,-1.1752715555203388,2.8136653688246143
18.5,1.0,1.0,-1.1731586351093333,2.7418792414394173
18.6,1.0,1.0,-1.170237866880899,2.6684987649373597
18.7,1.0,1.0,-1.1665282223447477,2.5936701162803297
18.8,1.0,1.0,-1.1620499284195744,2.5175406603529185
18.9,1.0,1.0,-1.1568243002065675,2.4402585074553156
19.0,1.0,1.0,-1.1508738926750899,2.361972513665676
19.1,1.0,1.0,-1.1442221791573255,2.282831671756884
19.200000000000003,1.0,1.0,-1.136893650453037,2.2029849194542424
19.3,1.0,1.0,-1.1289137210093727,2.12258084744348
19.4,1.0,1.0,-1.120308668539441,2.0417674120312874
19.5,1.0,1.0,-1.1111055728083716,1.960691653040395
19.6,1.0,1.0,-1.10133225368454,1.8794994174076274
19.700000000000003,1.0,1.0,-1.0910172085853864,1.798335088936309
19.8,1.0,1.0,-1.080189547749156,1.7173413214733113
19.9,1.0,1.0,-1.0688789371738738,1.6366587921244637
20.0,1.0,1.0,-1.0571155263111733,1.5564259417543902
20.1,1.0,1.0,-1.0449298896156218,1.476778737030958
20.200000000000003,1.0,1.0,-1.0323529617127636,1.3978504370774953
20.3,1.0,1.0,-1.0194159738785626,1.31977136858967
20.4,1.0,1.0,-1.006150390790331,1.2426687097353812
20.5,1.0,1.0,-0.9925878476661163,1.1666662831314072
20.6,1.0,1.0,-0.9787600750795966,1.0918843342631284
20.700000000000003,1.0,1.0,-0.9646988865540231,1.018439420966717
20.8,1.0,1.0,-0.9504360474956298,0.9464441515969555
20.9,1.0,1.0,-0.9360032577357783,0.8760070454286841
21.0,1.0,1.0,-0.9214320843036851,0.8072323773881067
21.1,1.0,1.0,-0.9067539016461396,0.7402200291459459
21.200000000000003,1.0,1.0,-0.8919998350200551,0.6750653520693073
21.3,1.0,1.0,-0.8772007046824865,0.6118590408240776
21.4,1.0,1.0,-0.8623869714063266,0.5506870177237537
21.5,1.0,1.0,-0.8475886834091039,0.4916303278997697
21.6,1.0,1.0,-0.8328354247780452,0.43476504534665333
21.700000000000003,1.0,1.0,-0.8181562654704538,0.38016218987358974
21.8,1.0,1.0,-0.8035797138078993,0.3278876565444076
21.9,1.0,1.0,-0.7891336627645141,0.2780021421965584
22.0,1.0,1.0,-0.7748453635835975,0.23056112209330742
22.1,1.0,1.0,-0.7607413614534523,0.18561478702228687
22.200000000000003,1.0,1.0,-0.7468474659598063,0.1432080217353003
22.3,1.0,1.0,-0.7331887095847862,0.10338038683034606
22.4,1.0,1.0,-0.7197893106086495,0.06616611120237416
22.5,1.0,1.0,-0.7066726252947453,0.03159407112588168
22.6,1.0,1.0,-0.6938611580556294,-0.00031213055071269147
22.700000000000003,1.0,1.0,-0.6813764763222888,-0.029534202312783184
22.8,1.0,1.0,-0.6692392126054841,-0.056059110900330285
22.9,1.0,1.0,-0.6574690301673206,-0.0798790408132214
23.0,1.0,1.0,-0.6460846002255828,-0.10099134061724102
23.1,1.0,1.0,-0.635103579490348,-0.11939846124753867
23.200000000000003,1.0,1.0,-0.6245425903602433,-0.13510788527742604
23.3,1.0,1.0,-0.6144172033650844,-0.14813204741137
23.4,1.0,1.0,-0.6047419218587863,-0.15848824647399115
23.5,1.0,1.0,-0.5955301689613987,-0.16619854918050772
23.6,1.0,1.0,-0.5867942767452617,-0.17128968598574473
23.700000000000003,1.0,1.0,-0.5785454776559297,-0.17379293932004344
23.8,1.0,1.0,-0.5707938981543648,-0.17374402453083662
23.9,1.0,1.0,-0.5635485545628449,-0.17118296385825085
24.0,1.0,1.0,-0.5568173510928018,-0.16615395378242354
24.1,1.0,1.0,-0.5506070800292711,-0.15870522608788973
24.200000000000003,1.0,1.0,-0.5449234240426845,-0.1488889029978027
24.3,1.0,1.0,-0.5397709605947786,-0.1367608467378161
24.4,1.0,1.0,-0.5351531684021785,-0.12238050389491881
24.5,1.0,1.0,-0.531072435917561,-0.10581074494165765
24.6,1.0,1.0,-0.5275300717849946,-0.08711769930046716
24.700000000000003,1.0,1.0,-0.5245263172226993,-0.06637058632659372
24.8,1.0,1.0,-0.5220603602839181,-0.0436415425899955
24.9,1.0,1.0,-0.5201303519436726,-0.019005445838011857
25.0,1.0,1.0,-0.5187334239538105,0.007460263973749267
25.1,1.0,1.0,-0.5178657085780279,0.03567576651212978
25.200000000000003,1.0,1.0,-0.517522359835275,0.06555904498403428
25.3,1.0,1.0,-0.5176975696573074,0.09702605934780015
25.4,1.0,1.0,-0.5183846121034665,0.12999096285894035
25.5,1.0,1.0,-0.5195758462976426,0.1643662653860006
25.6,1.0,1.0,-0.5212627551464447,0.20006302843959917
25.700000000000003,1.0,1.0,-0.5234359717006399,0.23699105401293633
25.8,1.0,1.0,-0.5260853088858026,0.27505907331571294
25.9,1.0,1.0,-0.529199790404527,0.3141749350477014
26.0,1.0,1.0,-0.5327676827330721,0.3542457928569958
26.1,1.0,1.0,-0.5367765281363309,0.39517829163396395
26.200000000000003,1.0,1.0,-0.5412131786240217,0.4368787522985049
26.3,1.0,1.0,-0.546063830770219,0.4792533547455312
26.4,1.0,1.0,-0.5513140839650363,0.5222083608243038
26.5,1.0,1.0,-0.5569488949741673,0.5656501656624304
26.6,1.0,1.0,-0.5629527243913837,0.6094856003185108
26.700000000000003,1.0,1.0,-0.5693095097330634,0.653622061805664
26.8,1.0,1.0,-0.5760027173518257,0.6979676820588878
26.9,1.0,1.0,-0.5830153818296433,0.7424314952111347
27.0,1.0,1.0,-0.5903301406864196,0.7869235928149216
27.1,1.0,1.0,-0.5979292787868558,0.8313552876034213
27.200000000000003,1.0,1.0,-0.6057947640045449,0.8756392639740311
27.3,1.0,1.0,-0.6139082870903765,0.9196897260861069
27.4,1.0,1.0,-0.6222513007881462,0.9634225410657838
27.5,1.0,1.0,-0.6308050588755197,1.0067553771067332
27.6,1.0,1.0,-0.6395506550574828,1.0496078362709325
27.700000000000003,1.0,1.0,-0.648469061607502,1.0919015817460986
27.8,1.0,1.0,-0.6575411736274906,1.1335604704265574
27.9,1.0,1.0,-0.666747823249689,1.17451063094409
28.0,1.0,1.0,-0.6760698541277109,1.214680619435206
28.1,1.0,1.0,-0.6854881317468239,1.254001501385006
28.200000000000003,1.0,1.0,-0.6949835887620359,1.292406952167656
28.3,1.0,1.0,-0.7045372599226065,1.3298333483055094
28.4,1.0,1.0,-0.7141303172894957,1.3662198523200106
28.5,1.0,1.0,-0.7237441033047007,1.401508488479906
28.6,1.0,1.0,-0.7333601850846089,1.4356442514676553
28.700000000000003,1.0,1.0,-0.742960331565299,1.4685750900405807
28.8,1.0,1.0,-0.7525266063117763,1.5002520295809445
28.9,1.0,1.0,-0.7620413686310126,1.5306292075075019
29.0,1.0,1.0,-0.7714873089921294,1.5596639185483505
29.1,1.0,1.0,-0.7808474779569876,1.587316653366342
29.200000000000003,1.0,1.0,-0.7901053140207123,1.6135511305377381
29.3,1.0,1.0,-0.7992446703270648,1.6383343219099529
29.4,1.0,1.0,-0.8082498402246895,1.6616364713813871
29.5,1.0,1.0,-0.8171055816291719,1.6834311071543222
29.6,1.0,1.0,-0.8257971401608224,1.7036950475252999
29.700000000000003,1.0,1.0,-0.8343102710302681,1.7224084002888573
29.8,1.0,1.0,-0.8426312596467183,1.7395545558416718
29.9,1.0,1.0,-0.8507469409265929,1.7551201740851248
30.0,1.0,1.0,-0.8586447172829956,1.7690951652348892
30.1,1.0,1.0,-0.8663125752793068,1.7814726646563934
30.200000000000003,1.0,1.0,-0.8737391009329831,1.7922490018549124
30.3,1.0,1.0,-0.8809134936584005,1.801423663758519
30.4,1.0,1.0,-0.8878255788403782,1.808999252441257
30.5,1.0,1.0,-0.8944658190327268,1.8149814374425757
30.6,1.0,1.0,-0.9008253237789304,1.8193789028473883
30.700000000000003,1.0,1.0,-0.9068958580547078,1.8222032892989366
30.8,1.0,1.0,-0.9126698493348857,1.8234691311240818
30.9,1.0,1.0,-0.9181403932896125,1.823193788757619
31.0,1.0,1.0,-0.923301258117347,1.821397376658423
31.1,1.0,1.0,-0.9281468875254005,1.8181026869176566
31.200000000000003,1.0,1.0,-0.9326724023696242,1.8133351087626235
31.3,1.0,1.0,-0.9368736009961647,1.8071225442174985
31.4,1.0,1.0,-0.9407469586296118,1.7994953207757256
31.5,1.0,1.0,-0.9442896239427296,1.7904860981755109
31.6,1.0,1.0,-0.9474994165458956,1.7801297745362592
31.700000000000003,1.0,1.0,-0.950374821897175,1.7684633885775467
31.8,1.0,1.0,-0.9529149852939459,1.755526019053149
31.9,1.0,1.0,-0.9551197046761419,1.7413586816316202
32.0,1.0,1.0,-0.9569894222707741,1.7260042234559083
32.1,1.0,1.0,-0.9585252151094578,1.7095072156158078
32.2,1.0,1.0,-0.959728784452421,1.6919138437679164
32.300000000000004,1.0,1.0,-0.9606024441541082,1.6732717971381434
32.4,1.0,1.0,-0.9611491080071018,1.6536301561418247
32.5,1.0,1.0,-0.9613722761041813,1.6330392788591057
32.6,1.0,1.0,-0.9612760202583707,1.6115506866016
32.7,1.0,1.0,-0.9608649684991722,1.5892169487618129
32.800000000000004,1.0,1.0,-0.9601442887400811,1.5660915672500741
32.9,1.0,1.0,-0.9591196716080808,1.5422288606946866
33.0,1.0,1.0,-0.9577973125031848,1.5176838486434294
33.1,1.0,1.0,-0.9561838929289943,1.4925121359891582
33.2,1.0,1.0,-0.9542865611399082,1.466769797838484
33.300000000000004,1.0,1.0,-0.9521129121514939,1.4405132650388044
33.4,1.0,1.0,-0.949670967161037,1.4137992105746744
33.5,1.0,1.0,-0.9469691524258662,1.3866844370401232
33.6,1.0,1.0,-0.9440162776474134,1.359225765388596
33.7,1.0,1.0,-0.940821513909341,1.3314799251571987
33.800000000000004,1.0,1.0,-0.9373943540898811,1.3035034144380395
33.9,1.0,1.0,-0.9337446546094637,1.2753524947250687
34.0,1.0,1.0,-0.9298825218252841,1.247082979275327
34.1,1.0,1.0,-0.9258183443682365,1.2187501693438094
34.2,1.0,1.0,-0.9215627569590423,1.1904087545368005
34.300000000000004,1.0,1.0,-0.9171266166770684,1.1621127156663669
34.4,1.0,1.0,-0.9125209791303499,1.133915230285757
34.5,1.0,1.0,-0.9077570745649147,1.105868581050658
34.6,1.0,1.0,-0.9028462839600453,1.0780240670437011
34.7,1.0,1.0,-0.8978001151554545,1.050431918191947
34.800000000000004,1.0,1.0,-0.8926301790555508,1.0231412128990471
34.9,1.0,1.0,-0.887348162519483,0.9961997926033584
35.0,1.0,1.0,-0.8819658183931469,0.9696542075564991
35.1,1.0,1.0,-0.8764949204610886,0.9435496171703652
35.2,1.0,1.0,-0.8709472574351471,0.9179297365315184
35.300000000000004,1.0,1.0,-0.8653346047416598,0.8928367706647533
35.4,1.0,1.0,-0.8596687017302527,0.8683113522639692
35.5,1.0,1.0,-0.8539612300631259,0.844392484605656
35.6,1.0,1.0,-0.8482237828604349,0.8211174712033236
35.7,1.0,1.0,-0.8424678738834458,0.7985219128788188
35.800000000000004,1.0,1.0,-0.8367048797534401,0.7766396215449505
35.9,1.0,1.0,-0.8309460395482806,0.7555025908696977
36.0,1.0,1.0,-0.8252024312305276,0.7351409591464223
36.1,1.0,1.0,-0.8194849525547504,0.7155829762252266
36.2,1.0,1.0,-0.8138043025820202,0.696854974524883
36.3,1.0,1.0,-0.8081709638253342,0.6789813441257864
36.4,1.0,1.0,-0.8025951850517774,0.6619845119365672
36.5,1.0,1.0,-0.7970869647656286,0.6458849249192814
36.6,1.0,1.0,-0.7916560353949798,0.630701037350544
36.7,1.0,1.0,-0.7863118482027578,0.6164493020884738
36.8,1.0,1.0,-0.7810635589414052,0.6031441658080862
36.9,1.0,1.0,-0.7759200142684314,0.5907980681600324
37.0,1.0,1.0,-0.7708897389400221,0.5794214448033808
37.1,1.0,1.0,-0.7659809237945993,0.5690227342513682
37.2,1.0,1.0,-0.7612014145405563,0.5596083884669925
37.3,1.0,1.0,-0.7565587013582387,0.5511828871371656
37.4,1.0,1.0,-0.7520599093251993,0.5437487555481793
37.5,1.0,1.0,-0.7477117896720621,0.5373065859794431
37.6,1.0,1.0,-0.7435207118745792,0.5318550625267944
37.7,1.0,1.0,-0.7394926565858161,0.5273909892613062
37.8,1.0,1.0,-0.7356332094106917,0.5239093216243482
37.9,1.0,1.0,-0.7319475555235045,0.5214032009548184
38.0,1.0,1.0,-0.7284404751273914,0.5198639920398179
38.1,1.0,1.0,-0.725116339753096,0.5192813235757042
38.2,1.0,1.0,-0.7219791093928395,0.5196431314224068
38.3,1.0,1.0,-0.7190323304636355,0.5209357045302871
38.400000000000006,1.0,1.0,-0.7162791345922993,0.5231437334143544
38.5,1.0,1.0,-0.7137222382142164,0.5262503610492838
38.6,1.0,1.0,-0.7113639429749923,0.5302372360540568
38.7,1.0,1.0,-0.7092061369236118,0.5350845680331078
38.8,1.0,1.0,-0.7072502964841206,0.5407711849384496
38.900000000000006,1.0,1.0,-0.7054974891915409,0.5472745923151965
39.0,1.0,1.0,-0.703948377176413,0.5545710342910986
39.1,1.0,1.0,-0.7026032213812046,0.5626355561692744
39.2,1.0,1.0,-0.7014618864905584,0.5714420684820986
39.3,1.0,1.0,-0.7005238465499426,0.5809634123515114
39.400000000000006,1.0,1.0,-0.6997881912755599,0.591171426048074
39.5,1.0,1.0,-0.6992536330070414,0.6020370125758772
39.6,1.0,1.0,-0.6989185142870962,0.6135302081334283
39.7,1.0,1.0,-0.6987808160537834,0.6256202513197217
39.8,1.0,1.0,-0.6988381664175155,0.6382756529428815
39.900000000000006,1.0,1.0,-1.7723478499967702,0.6514642662868775
40.0,-1.0,-1.0,-1.1258647269595372,0.6622051609339166
40.1,-1.0,-1.0,-1.13543122278018,0.6639326588831916
40.2,-1.0,-1.0,-1.1413182469385015,0.6532371556350873
40.3,-1.0,-1.0,-1.1447621093423965,0.6304954490238529
40.400000000000006,-1.0,-1.0,-1.1457617709734382,0.5961018571784318
40.5,-1.0,-1.0,-1.1443203611994817,0.5504638539060381
40.6,-1.0,-1.0,-1.1404462410523513,0.49400118637691787
40.7,-1.0,-1.0,-1.1341529054156256,0.42714498262857004
40.8,-1.0,-1.0,-1.1254588724093286,0.350336841142027
40.900000000000006,-1.0,-1.0,-1.114387590761554,0.2640279553475305
41.0,-1.0,-1.0,-1.1009672747035555,0.16867813650981756
41.1,-1.0,-1.0,-1.0852308024626722,0.06475490598236727
41.2,-1.0,-1.0,-1.0672155764522624,-0.04726742885786929
41.3,-1.0,-1.0,-1.0469633769659763,-0.16690870819380252
41.400000000000006,-1.0,-1.0,-1.0245202129855397,-0.2936838518313706
41.5,-1.0,-1.0,-0.9999361656518395,-0.42710379126855613
41.6,-1.0,-1.0,-0.9732652268709753,-0.5666763981021976
41.7,-1.0,-1.0,-0.944565133117194,-0.7119074064520667
41.8,-1.0,-1.0,-0.913897194254784,-0.8623013283881871
41.900000000000006,-1.0,-1.0,-0.8813261180030858,-1.0173623606702535
42.0,-1.0,-1.0,-0.8469198304381885,-1.1765952811448261
42.1,-1.0,-1.0,-0.8107492929243542,-1.3395063331912114
42.2,-1.0,-1.0,-0.772888315872292,-1.5056040966503434
42.3,-1.0,-1.0,-0.733413369719939,-1.6744003437208148
42.400000000000006,-1.0,-1.0,-0.692403393534246,-1.8454108783526235
42.5,-1.0,-1.0,-0.6499396016296003,-2.018156357723553
42.6,-1.0,-1.0,-0.6061052419577422,-2.1921631813490507
42.7,-1.0,-1.0,-0.5609855677394356,-2.3669640122668687
42.8,-1.0,-1.0,-0.514667416564366,-2.542098796322998
42.900000000000006,-1.0,-1.0,-0.46723913989342514,-2.7171154208732626
43.0,-1.0,-1.0,-0.41879039263342915,-2.891570403499255
43.1,-1.0,-1.0,-0.3694119155863989,-3.0650296030519413
43.2,-1.0,-1.0,-0.3191953509483474,-3.2370688731264137
43.3,-1.0,-1.0,-0.26823304445092844,-3.407274696099383
43.400000000000006,-1.0,-1.0,-0.21661785230545166,-3.575244787604035
43.5,-1.0,-1.0,-0.16444294791795303,-3.7405886749955335
43.6,-1.0,-1.0,-0.1118016293732845,-3.9029282504872977
43.7,-1.0,-1.0,-0.0587871384227228,-4.0618982797193
43.8,-1.0,-1.0,-0.0054924710492616075,-4.217146891667356
43.900000000000006,-1.0,-1.0,0.047989803028613054,-4.368336033729494
44.0,-1.0,-1.0,0.10156771857779386,-4.515141894941973
44.1,-1.0,-1.0,0.1551500893731672,-4.657255296923909
44.2,-1.0,-1.0,0.2086466787354726,-4.794382052211333
44.3,-1.0,-1.0,0.2619683658777974,-4.926243289832169
44.400000000000006,-1.0,-1.0,0.31502732944543294,-5.05257578832841
44.5,-1.0,-1.0,0.36773715103131144,-5.173132159685197
44.6,-1.0,-1.0,0.42001300988413637,-5.287681108998639
44.7,-1.0,-1.0,0.471771819568448,-5.39600762900085
44.8,-1.0,-1.0,0.5229323688121592,-5.497913159671641
44.900000000000006,-1.0,-1.0,0.573415460448924,-5.593215720649838
45.0,-1.0,-1.0,0.6231440310347184,-5.681749989095952
45.1,-1.0,-1.0,0.6720432860209234,-5.763367371935802
45.2,-1.0,-1.0,0.7200408147233885,-5.837936036012216
45.3,-1.0,-1.0,0.7670667000084118,-5.905340902095497
45.400000000000006,-1.0,-1.0,0.8130536244362832,-5.96548361014945
45.5,-1.0,-1.0,0.857936968973271,-6.018282453546945
45.6,-1.0,-1.0,0.9016549050912496,-6.063672282767548
45.7,-1.0,-1.0,0.9441484801698049,-6.10160437916296
45.8,-1.0,-1.0,0.9853616961290159,-6.132046299425395
45.900000000000006,-1.0,-1.0,1.025241581235034,-6.1549816914419315
46.0,-1.0,-1.0,1.0637382550343546,-6.17041008226337
46.1,-1.0,-1.0,1.1008049863866243,-6.1783466389604484
46.2,-1.0,-1.0,1.1363982445792937,-6.178821903181844
46.3,-1.0,-1.0,1.1704777400513835,-6.171881493802614
46.400000000000006,-1.0,-1.0,1.2030064679675798,-6.15758579932314
46.5,-1.0,-1.0,1.2339507380550203,-6.136009642567414
46.6,-1.0,-1.0,1.2632801941935334,-6.107241913832725
46.7,-1.0,-1.0,1.2909678328416503,-6.0713851874798905
46.8,-1.0,-1.0,1.316990013035538,-6.028555317873681
46.900000000000006,-1.0,-1.0,1.341326459717861,-5.978881015714397
47.0,-1.0,-1.0,1.3639602604834506,-5.922503405830191
47.1,-1.0,-1.0,1.3848778558379853,-5.859575567520761
47.2,-1.0,-1.0,1.4040690230777946,-5.790262058562584
47.3,-1.0,-1.0,1.4215268539089012,-5.714738424001785
47.400000000000006,-1.0,-1.0,1.4372477259343688,-5.633190690875565
47.5,-1.0,-1.0,1.451231274536573,-5.545814861917868
47.6,-1.0,-1.0,1.4634803296467267,-5.45281635012437
47.7,-1.0,-1.0,1.4740009970286296,-5.35440965397179
47.8,-1.0,-1.0,1.4828022067993851,-5.250817192269656
47.900000000000006,-1.0,-1.0,1.4898962523352162,-5.142269483708444
48.0,-1.0,-1.0,1.495298279483234,-5.0290041947891355
48.1,-1.0,-1.0,1.499026385301449,-4.9112656407147055
48.2,-1.0,-1.0,1.5011015225150635,-4.789304209603173
48.3,-1.0,-1.0,1.501547423112806,-4.66337578307938
48.400000000000006,-1.0,-1.0,1.500390517603295,-4.533741154466878
48.5,-1.0,-1.0,1.4976598830806007,-4.4006655071361935
48.6,-1.0,-1.0,1.4933870409852426,-4.264417656882214
48.7,-1.0,-1.0,1.487606007838069,-4.12526963095014
48.8,-1.0,-1.0,1.4803531207770853,-3.9834960401828687
48.900000000000006,-1.0,-1.0,1.4716669540261373,-3.839373501974643
49.0,-1.0,-1.0,1.4615882166692125,-3.6931800675130635
49.1,-1.0,-1.0,1.450159647643063,-3.5451946542984807
49.2,-1.0,-1.0,1.4374258407358846,-3.3956963592274003
49.3,-1.0,-1.0,1.4234333824106562,-3.244964290554701
49.400000000000006,-1.0,-1.0,1.4082304028984134,-3.093276627874658
49.5,-1.0,-1.0,1.3918666636146004,-2.9409102196407684
49.6,-1.0,-1.0,1.3743933977790312,-2.788140056841969
49.7,-1.0,-1.0,1.3558631938489032,-2.6352387574916176
49.8,-1.0,-1.0,1.3363298779231862,-2.4824760628905804
49.900000000000006,-1.0,-1.0,1.3158483953188305,-2.3301183464683186
50.0,-1.0,-1.0,1.294474691558517,-2.1784281359708135
50.1,-1.0,-1.0,1.272265589555091,-2.0276636432956576
50.2,-1.0,-1.0,1.2492786829112972,-1.8780783354821764
50.3,-1.0,-1.0,1.2255721990299642,-1.7299204806122028
50.400000000000006,-1.0,-1.0,1.2012048906198969,-1.5834327373998618
50.5,-1.0,-1.0,1.1762359149200567,-1.4388517543667527
50.6,-1.0,-1.0,1.1507247160359935,-1.2964077861866332
50.7,-1.0,-1.0,1.1247309082846013,-1.1563243277076507
50.8,-1.0,-1.0,1.0983141607551872,-1.0188177661110542
50.900000000000006,-1.0,-1.0,1.0715340750740263,-0.8840970363090948
51.0,-1.0,-1.0,1.0444501058479934,-0.7523633625733205
51.1,-1.0,-1.0,1.017121401725573,-0.6238099087915933
51.2,-1.0,-1.0,0.9896067262508399,-0.4986215260061679
51.3,-1.0,-1.0,0.9619643490618124,-0.376974507960497
51.400000000000006,-1.0,-1.0,0.93425193650796,-0.2590363538277257
51.5,-1.0,-1.0,0.9065264527319592,-0.1449655580962623
51.6,-1.0,-1.0,0.8788440604450067,-0.03491141945477598
51.7,-1.0,-1.0,0.8512600253775546,0.07098612917974695
51.8,-1.0,-1.0,0.8238286265612211,0.17259666444397465
51.900000000000006,-1.0,-1.0,0.7966030523453196,0.26979942482397223
52.0,-1.0,-1.0,0.7696353372816107,0.3624833899491995
52.1,-1.0,-1.0,0.7429762585574331,0.45054738929171595
52.2,-1.0,-1.0,0.7166752657199228,0.5339001654261685
52.3,-1.0,-1.0,0.6907804028895942,0.6124604224787498
52.400000000000006,-1.0,-1.0,0.6653382364422695,0.6861568546161714
52.5,-1.0,-1.0,0.640393786497839,0.7549281547772589
52.6,-1.0,-1.0,0.6159904426515578,0.8187230404991208
52.7,-1.0,-1.0,0.5921699654893883,0.8775001300459682
52.8,-1.0,-1.0,0.5689723556615205,0.9312279749765383
52.900000000000006,-1.0,-1.0,0.5464358404611263,0.9798849694995857
53.0,-1.0,-1.0,0.5245968175939154,1.0234592650726724
53.1,-1.0,-1.0,0.5034898024015022,1.0619486829556617
53.2,-1.0,-1.0,0.4831474147828096,1.0953605527244306
53.3,-1.0,-1.0,0.46360031129229634,1.1237116096216164
53.400000000000006,-1.0,-1.0,0.4448771696027585,1.1470278319108702
53.5,-1.0,-1.0,0.42700465796095965,1.1653442715235391
53.6,-1.0,-1.0,0.4100074118590161,1.1787048694473532
53.7,-1.0,-1.0,0.3939080149140831,1.1871622564118225
53.8,-1.0,-1.0,0.3787269839337245,1.190777539454391
53.900000000000006,-1.0,-1.0,0.3644827581396284,1.1896200749703778
54.0,-1.0,-1.0,0.3511916948310936,1.18376722455068
54.1,-1.0,-1.0,0.3388680615406661,1.1733041101067807
54.2,-1.0,-1.0,0.3275240406048472,1.158323348767032
54.3,-1.0,-1.0,0.3171697349395302,1.138924776709442
54.400000000000006,-1.0,-1.0,0.3078131768827883,1.1152151642473336
54.5,-1.0,-1.0,0.29946034137667615,1.0873079213419479
54.6,-1.0,-1.0,0.29211516291244405,1.055322794237645
54.7,-1.0,-1.0,0.2857795601853007,1.0193855464150543
54.8,-1.0,-1.0,0.280453442282949,0.9796276686699998
54.900000000000006,-1.0,-1.0,0.27613476477436955,0.9361860180752944
55.0,-1.0,-1.0,0.2728195419153876,0.8892024999161081
55.1,-1.0,-1.0,0.2705018855608099,0.838823730629376
55.2,-1.0,-1.0,0.2691740427471087,0.7852006961429856
55.3,-1.0,-1.0,0.2688264273459861,0.7284884231017507
55.400000000000006,-1.0,-1.0,0.2694476919854767,0.6688455874711847
55.5,-1.0,-1.0,0.27102474299516655,0.606434196151389
55.6,-1.0,-1.0,0.27354280359111566,0.5414192279437384
55.7,-1.0,-1.0,0.27698546356714826,0.473968279570776
55.8,-1.0,-1.0,0.28133473339802334,0.40425121141728004
55.900000000000006,-1.0,-1.0,0.2865711006385268,0.3324397936604609
56.0,-1.0,-1.0,0.2926735884776124,0.25870735345702656
56.1,-1.0,-1.0,0.2996198163063343,0.18322842384687552
56.2,-1.0,-1.0,0.30738606215579795,0.10617839502327493
56.3,-1.0,-1.0,0.3159473268604857,0.027733168606561644
56.400000000000006,-1.0,-1.0,0.32527739980051973,-0.0519311844550104
56.5,-1.0,-1.0,0.33534892550268625,-0.1326387606815205
56.6,-1.0,-1.0,0.34613347310995773,-0.21421415834140592
56.7,-1.0,-1.0,0.3576016057894288,-0.2964828055034887
56.8,-1.0,-1.0,0.3697229508757761,-0.3792712811487161
56.900000000000006,-1.0,-1.0,0.38246629243860925,-0.462407669414251
57.0,-1.0,-1.0,0.3957995680160022,-0.5457217507891554
57.1,-1.0,-1.0,0.4096900417367251,-0.6290454191288994
57.2,-1.0,-1.0,0.424104320508252,-0.7122129393969158
57.3,-1.0,-1.0,0.43900843299715125,-0.7950612209532382
57.400000000000006,-1.0,-1.0,0.45436791233640983,-0.8774301036158805
57.5,-1.0,-1.0,0.4701478640694947,-0.9591626201584785
57.6,-1.0,-1.0,0.48631304048152235,-1.0401052526339707
57.7,-1.0,-1.0,0.5028279134597012,-1.1201081786598777
57.8,-1.0,-1.0,0.5196567469026641,-1.1990255073256972
57.900000000000006,-1.0,-1.0,0.5367636819372692,-1.2767155293625283
58.0,-1.0,-1.0,0.5541127569704708,-1.3530408512325882
58.1,-1.0,-1.0,0.5716680502630737,-1.4278686843209132
58.2,-1.0,-1.0,0.5893937039547882,-1.5010710046436455
58.3,-1.0,-1.0,0.6072539944265016,-1.5725247170976273
58.400000000000006,-1.0,-1.0,0.6252134323317671,-1.6421118755471193
58.5,-1.0,-1.0,0.6432367811534628,-1.7097197824145498
58.6,-1.0,-1.0,0.6612891506917049,-1.775241152444916
58.7,-1.0,-1.0,0.6793360531646627,-1.8385742440267439
58.8,-1.0,-1.0,0.6973434643143244,-1.8996229780948188
58.900000000000006,-1.0,-1.0,0.7152778827930283,-1.958297044568425
59.0,-1.0,-1.0,0.7331064108782481,-2.014512039415572
59.1,-1.0,-1.0,0.7507967371462395,-2.0681894359804933
59.2,-1.0,-1.0,0.7683172762710144,-2.1192567475833877
59.3,-1.0,-1.0,0.7856371758843362,-2.167647557792456
59.400000000000006,-1.0,-1.0,0.8027263747561821,-2.2133015645423915
59.5,-1.0,-1.0,0.8195556501336226,-2.2561646119620744
59.6,-1.0,-1.0,0.8360966628155816,-2.2961887099900866
59.7,-1.0,-1.0,0.8523219741247997,-2.3333319938434576
59.8,-1.0,-1.0,0.8682051813592321,-2.3675588678370345
59.900000000000006,-1.0,-1.0,0.8837208258513939,-2.39883983686373
60.0,-1.0,-1.0,0.8988445063680727,-2.427151530752029
60.1,-1.0,-1.0,0.9135528950022791,-2.4524766651964924
60.2,-1.0,-1.0,0.9278237677038306,-2.4748039914964277
60.3,-1.0,-1.0,0.9416360322874943,-2.4941282353981356
60.400000000000006,-1.0,-1.0,0.9549697538833228,-2.5104500253053783
60.5,-1.0,-1.0,0.9678061778147904,-2.523775810139192
60.6,-1.0,-1.0,0.9801277498956715,-2.534117767144427
60.7,-1.0,-1.0,0.9919181341414842,-2.5414936999554367
60.8,-1.0,-1.0,1.0031622278965295,-2.5459269272479927
60.900000000000006,-1.0,-1.0,1.0138461743823586,-2.5474461623180513
61.0,-1.0,-1.0,1.0239573725041164,-2.546085383615939
61.1,-1.0,-1.0,1.0334844812307442,-2.5418836913755234
61.2,-1.0,-1.0,1.0424174331923617,-2.5348851748268744
61.3,-1.0,-1.0,1.0507474295443295,-2.5251387528218268
61.400000000000006,-1.0,-1.0,1.0584669418736237,-2.5126980134100267
61.5,-1.0,-1.0,1.0655697097205865,-2.4976210467901447
61.6,-1.0,-1.0,1.0720507356400808,-2.479970271883713
61.7,-1.0,-1.0,1.077906277898448,-2.4598122569504035
61.8,-1.0,-1.0,1.083133880105835,-2.4372176078177543
61.900000000000006,-1.0,-1.0,1.087732221463491,-2.4122605649364006
62.0,-1.0,-1.0,1.0917012826265127,-2.385019015025271
62.1,-1.0,-1.0,1.0950422261573731,-2.355574225654666
62.2,-1.0,-1.0,1.0977574000778887,-2.3240106424673086
62.3,-1.0,-1.0,1.0998503174978005,-2.290415683107594
62.400000000000006,-1.0,-1.0,1.1013256342562545,-2.25487952823845
62.5,-1.0,-1.0,1.1021891246661553,-2.217494910086455
62.6,-1.0,-1.0,1.1024476554335607,-2.178356898954601
62.7,-1.0,-1.0,1.1021091578273048,-2.1375626881406258
62.8,-1.0,-1.0,1.101182598175204,-2.0952113776943477
62.900000000000006,-1.0,-1.0,1.0996779467668527,-2.0514037574455357
63.0,-1.0,-1.0,1.097606145244975,-2.0062420897302338
63.1,-1.0,-1.0,1.0949790725670163,-1.9598298922352535
63.2,-1.0,-1.0,1.0918095096228195,-1.9122717213770772
63.3,-1.0,-1.0,1.088111102594198,-1.8636729566238648
63.400000000000006,-1.0,-1.0,1.0838982990153203,-1.814139537471957
63.5,-1.0,-1.0,1.0791864076462554,-1.763777905623449
63.6,-1.0,-1.0,1.0739914197306797,-1.712694629485694
63.7,-1.0,-1.0,1.0683300539269387,-1.6609962552551645
63.8,-1.0,-1.0,1.0622196952326561,-1.6087891018321723
63.900000000000006,-1.0,-1.0,1.0556783526432294,-1.5561790589060567
64.0,-1.0,-1.0,1.0487246161989245,-1.5032713886086317
64.10000000000001,-1.0,-1.0,1.0413776134934287,-1.4501705310677848
64.2,-1.0,-1.0,1.0336569649189093,-1.3969799126608275
64.3,-1.0,-1.0,1.0255827424291313,-1.3438017651031422
64.4,-1.0,-1.0,1.017175420733883,-1.2907369395669483
64.5,-1.0,-1.0,1.0084558351288433,-1.23788473264782
64.60000000000001,-1.0,-1.0,0.9994451360925017,-1.185342715969736
64.7,-1.0,-1.0,0.9901647444527172,-1.1332065714164865
64.8,-1.0,-1.0,0.9806363066376221,-1.0815699322309158
64.9,-1.0,-1.0,0.9708816500951734,-1.0305242302072917
65.0,-1.0,-1.0,0.9609227389644434,-0.9801585491869467
65.10000000000001,-1.0,-1.0,0.9507816200069685,-0.9305594662811706
65.2,-1.0,-1.0,0.9404804186260559,-0.8818109810536212
65.3,-1.0,-1.0,0.9300412380533096,-0.8339943193146898
65.4,-1.0,-1.0,0.9194861529688927,-0.7871878384641244
65.5,-1.0,-1.0,0.9088371612490319,-0.7414669185444567
65.60000000000001,-1.0,-1.0,0.8981161405337912,-0.6969038549780142
65.7,-1.0,-1.0,0.887344808570417,-0.6535677608399878
65.8,-1.0,-1.0,0.8765446836894467,-0.6115244765780607
65.9,-1.0,-1.0,0.8657370461958511,-0.570836487249572
66.0,-1.0,-1.0,0.8549429007374968,-0.5315628473332488
66.10000000000001,-1.0,-1.0,0.8441829397102054,-0.4937591131576916
66.2,-1.0,-1.0,0.8334775077556831,-0.45747728297320245
66.3,-1.0,-1.0,0.8228465674058669,-0.42276574467886113
66.4,-1.0,-1.0,0.8123096573062925,-0.3896692151423056
66.5,-1.0,-1.0,0.8018858889457191,-0.3582287469339851
66.60000000000001,-1.0,-1.0,0.7915938809664683,-0.32848166010875846
66.7,-1.0,-1.0,0.7814517486201992,-0.30046153158968275
66.8,-1.0,-1.0,0.7714770721520451,-0.27419818085267184
66.9,-1.0,-1.0,0.7616868702782101,-0.24971766302344556
67.0,-1.0,-1.0,0.7520975751033555,-0.22704226930997118
67.10000000000001,-1.0,-1.0,0.7427250085031842,-0.20619053467035114
67.2,-1.0,-1.0,0.7335843599979502,-0.18717725260367105
67.3,-1.0,-1.0,0.7246901661390933,-0.17001349693878734
67.4,-1.0,-1.0,0.7160562914285254,-0.1547066504849169
67.5,-1.0,-1.0,0.7076959107866096,-0.14126044039649915
67.60000000000001,-1.0,-1.0,0.699621493580894,-0.1296749800923795
67.7,-1.0,-1.0,0.6918447892261625,-0.11994681756108558
67.8,-1.0,-1.0,0.6843768143618351,-0.11206898987277691
67.9,-1.0,-1.0,0.6772278416101208,-0.1060310837090818
68.0,-1.0,-1.0,0.6704073899152747,-0.10181930171319509
68.10000000000001,-1.0,-1.0,0.6639242164611235,-0.09941653445390697
68.2,-1.0,-1.0,0.6577863101611668,-0.09880243778940946
68.3,-1.0,-1.0,0.6520008867125161,-0.09995351540912749
68.4,-1.0,-1.0,0.6465743852021282,-0.1028432063249719
68.5,-1.0,-1.0,0.6415124662506138,-0.10744197707642628
68.60000000000001,-1.0,-1.0,0.6368200116770769,-0.11371741840932295
68.7,-1.0,-1.0,0.6325011256644768,-0.12163434618137242
68.8,-1.0,-1.0,0.6285591374033295,-0.1311549062434647
68.9,-1.0,-1.0,0.6249966051886742,-0.14223868304138848
69.0,-1.0,-1.0,0.6218153219427704,-0.15484281167884595
69.10000000000001,-1.0,-1.0,0.6190163221337507,-0.1689220931795714
69.2,-1.0,-1.0,0.6165998900579344,-0.18442911268354334
69.3,-1.0,-1.0,0.6145655694512013,-0.20131436030967062
69.4,-1.0,-1.0,0.6129121743954674,-0.21952635442072846
69.5,-1.0,-1.0,0.6116378014766467,-0.23901176701399715
69.60000000000001,-1.0,-1.0,0.6107398431589428,-0.2597155509728906
69.7,-1.0,-1.0,0.6102150023307723,-0.28158106890821444
69.8,-1.0,-1.0,0.6100593079791781,-0.3045502233199445
69.9,-1.0,-1.0,1.415213131947246,-0.32856358781126066
70.0,0.5,0.5,0.9305896265533193,-0.351349369056401
70.10000000000001,0.5,0.5,0.9382172752685444,-0.3679465880917462
70.2,0.5,0.5,0.9432955225312213,-0.37576068915510236
70.3,0.5,0.5,0.9467475239401094,-0.3750364078221325
70.4,0.5,0.5,0.9485680758010756,-0.36603117544926933
70.5,0.5,0.5,0.9487547746589843,-0.3490119325050052
70.60000000000001,0.5,0.5,0.9473088266961176,-0.3242545473425392
70.7,0.5,0.5,0.9442349865953609,-0.29204322289852586
70.8,0.5,0.5,0.9395414923754938,-0.25266989656522376
70.9,0.5,0.5,0.9332399935374956,-0.20643363159716632
71.0,0.5,0.5,0.9253454789215156,-0.15364001108573605
71.10000000000001,0.5,0.5,0.9158761833194131,-0.09460050220227795
71.2,0.5,0.5,0.9048535153986645,-0.029631850555087144
71.3,0.5,0.5,0.8923019444469138,0.040944575399287586
71.4,0.5,0.5,0.8782489233413164,0.11680339419969137
71.5,0.5,0.5,0.8627247820708132,0.19761583963724938
71.60000000000001,0.5,0.5,0.845762622304092,0.28305038980509356
71.7,0.5,0.5,0.8273982086280508,0.3727733942479282
71.8,0.5,0.5,0.8076698570323916,0.46644969650825974
71.9,0.5,0.5,0.786618319742546,0.5637432521431387
72.0,0.5,0.5,0.7642866670719932,0.6643177410682048
72.10000000000001,0.5,0.5,0.7407201665577252,0.7678371731117081
72.2,0.5,0.5,0.7159661596462548,0.8739664856863271
72.3,0.5,0.5,0.6900739361968358,0.9823721325174161
72.4,0.5,0.5,0.6630946070693822,1.0927226623990016
72.5,0.5,0.5,0.6350809750655361,1.2046892869809103
72.60000000000001,0.5,0.5,0.606087404489867,1.3179464366261482
72.7,0.5,0.5,0.5761696539934621,1.4321723697623203
72.8,0.5,0.5,0.545384872493459,1.5470495029166107
72.9,0.5,0.5,0.5137912946361297,1.6622651243724769
73.0,0.5,0.5,0.4814482050539281,1.7775118330935544
73.10000000000001,0.5,0.5,0.44841579450374425,1.8924880041826826
73.2,0.5,0.5,0.41475501143909727,2.0068982728098574
73.3,0.5,0.5,0.38052743822919866,2.120453976958292
73.4,0.5,0.5,0.3457951571622023,2.2328735878351917
73.5,0.5,0.5,0.3106206193103605,2.343883121484803
73.60000000000001,0.5,0.5,0.2750665165880882,2.45321652726934
73.7,0.5,0.5,0.2391956459256301,2.5606160715111304
73.8,0.5,0.5,0.20307079216963198,2.6658326780214185
73.9,0.5,0.5,0.1667545971692181,2.768626263208434
74.0,0.5,0.5,0.13030943802689599,2.8687660461961957
74.10000000000001,0.5,0.5,0.09379730634465573,2.966030837485501
74.2,0.5,0.5,0.05727968993724117,3.060209305879213
74.3,0.5,0.5,0.02081745720686544,3.15110022343546
74.4,0.5,0.5,-0.015529255633811846,3.238512688255641
74.5,0.5,0.5,-0.05170118621716645,3.322266384413334
74.60000000000001,0.5,0.5,-0.08763992734673473,3.402191562401621
74.7,0.5,0.5,-0.12328824383176401,3.4781294731944605
74.8,0.5,0.5,-0.15858997599881977,3.5499323051087757
74.9,0.5,0.5,-0.1934902338892992,3.6174633574646897
75.0,0.5,0.5,-0.22793545966175358,3.6805971118945404
75.10000000000001,0.5,0.5,-0.26187353073684033,3.7392193156601685
75.2,0.5,0.5,-0.29525383614558603,3.793227021281575
75.3,0.5,0.5,-0.3280273580247871,3.8425286083495207
75.4,0.5,0.5,-0.360146747940487,3.8870437844464947
75.5,0.5,0.5,-0.3915663986667,3.9267035647387285
75.60000000000001,0.5,0.5,-0.42224251157914994,3.961450230559409
75.7,0.5,0.5,-0.4521331595950724,3.9912372673384713
75.8,0.5,0.5,-0.48119834559986246,4.016029282269222
75.9,0.5,0.5,-0.5094000563102244,4.035801902134821
76.0,0.5,0.5,-0.5367023115334936,4.05054165175051
76.10000000000001,0.5,0.5,-0.5630712087918458,4.0602458135085175
76.2,0.5,0.5,-0.5884749632894773,4.0649222685422615
76.3,0.5,0.5,-0.6128839432101207,4.064589320055151
76.4,0.5,0.5,-0.6362706972928766,4.059275493705537
76.5,0.5,0.5,-0.658609987121345,4.049019335392047
76.60000000000001,0.5,0.5,-0.6798788058919158,4.033869185006674
76.7,0.5,0.5,-0.7000563933234683,4.013882931309112
76.80000000000001,0.5,0.5,-0.7191242487468819,3.9891277551481163
76.9,0.5,0.5,-0.7370661386208722,3.959679858637723
77.0,0.5,0.5,-0.7538680995361966,3.925624180988461
77.10000000000001,0.5,0.5,-0.7695184367654365,3.887054101712873
77.2,0.5,0.5,-0.7840077184224062,3.844071131939409
77.30000000000001,0.5,0.5,-0.7973287653024386,3.7967845945815966
77.4,0.5,0.5,-0.8094766407583894,3.7453113020888007
77.5,0.5,0.5,-0.820448687081344,3.6897753237723006
77.60000000000001,0.5,0.5,-0.8302442700374923,3.6303072675481913
77.7,0.5,0.5,-0.8388650591381348,3.5670442712109636
77.80000000000001,0.5,0.5,-0.8463148777356243,3.5001296285302193
77.9,0.5,0.5,-0.8525996032814989,3.429712289365625
78.0,0.5,0.5,-0.8577271964271277,3.355946529233425
78.10000000000001,0.5,0.5,-0.8617076446449882,3.2789915683012336
78.2,0.5,0.5,-0.8645529175252678,3.199011186244701
78.30000000000001,0.5,0.5,-0.8662769188398239,3.1161733337965183
78.4,0.5,0.5,-0.8668954354984959,3.030649741776028
78.5,0.5,0.5,-0.866426083537353,2.942615528379221
78.60000000000001,0.5,0.5,-0.8648882767780126,2.8522488530101557
78.7,0.5,0.5,-0.8623030791448187,2.759730386659867
78.80000000000001,0.5,0.5,-0.858693254640618,2.665243045038997
78.9,0.5,0.5,-0.8540831411570134,2.568971558654287
79.0,0.5,0.5,-0.8484985963195717,2.4711020827223833
79.10000000000001,0.5,0.5,-0.841966928824819,2.371821809873995
79.2,0.5,0.5,-0.8345167773852119,2.2713184922324965
79.30000000000001,0.5,0.5,-0.8261782235218409,2.1697803500616817
79.4,0.5,0.5,-0.8169824660575914,2.067395402618248
79.5,0.5,0.5,-0.8069618958135771,1.96435119860143
79.60000000000001,0.5,0.5,-0.7961499861822996,1.8608344529059409
79.7,0.5,0.5,-0.7845812155052442,1.7570306899847978
79.80000000000001,0.5,0.5,-0.7722909885684079,1.653123894504864
79.9,0.5,0.5,-0.7593155573497771,1.5492961698645549
80.0,0.5,0.5,-0.7456919411809687,1.4457274051193427
80.10000000000001,0.5,0.5,-0.7314578464853437,1.3425949508378743
80.2,0.5,0.5,-0.716651583874184,1.2400732999542279
80.30000000000001,0.5,0.5,-0.7013119963348721,1.13833379672188
80.4,0.5,0.5,-0.6854783665517781,1.037544328038169
80.5,0.5,0.5,-0.6691903438109122,0.9378690446380327
80.60000000000001,0.5,0.5,-0.6524878623829425,0.839468088584128
80.7,0.5,0.5,-0.6354110620212633,0.7424973322924665
80.80000000000001,0.5,0.5,-0.6180002091166137,0.6471081294402274
80.9,0.5,0.5,-0.6002956101231064,0.5534470621805829
81.0,0.5,0.5,-0.5823375677342784,0.4616557692034873
81.10000000000001,0.5,0.5,-0.5641662569274694,0.37187067653720357
81.2,0.5,0.5,-0.5458216801892681,0.2842228197697912
81.30000000000001,0.5,0.5,-0.5273435862278781,0.19883765687628033
81.4,0.5,0.5,-0.5087714000503354,0.11583489900343558
81.5,0.5,0.5,-0.4901441510554441,0.035328350911400574
81.60000000000001,0.5,0.5,-0.471500404401815,-0.04257423436370099
81.7,0.5,0.5,-0.45287819493167125,-0.11777128535422449
81.80000000000001,0.5,0.5,-0.434314961494712,-0.19016752995885403
81.9,0.5,0.5,-0.4158474832668098,-0.2596741005062177
82.0,0.5,0.5,-0.39751182043709005,-0.326208621411948
82.10000000000001,0.5,0.5,-0.37934324513493606,-0.38969530312205103
82.2,0.5,0.5,-0.36137621024112315,-0.45006496804250773
82.30000000000001,0.5,0.5,-0.3436442682431162,-0.5072551273813514
82.4,0.5,0.5,-0.3261800330290285,-0.5612100082344558
82.5,0.5,0.5,-0.3090151280969773,-0.6118805750183082
82.60000000000001,0.5,0.5,-0.29218012064464527,-0.6592245734457487
82.7,0.5,0.5,-0.2757045392782286,-0.7032064319406449
82.80000000000001,0.5,0.5,-0.2596167582221662,-0.7437973255046494
82.9,0.5,0.5,-0.24394399825844762,-0.7809751210879962
83.0,0.5,0.5,-0.22871228291030166,-0.8147243342387264
83.10000000000001,0.5,0.5,-0.21394640524744835,-0.845036073486669
83.2,0.5,0.5,-0.19966989749809094,-0.8719079727142965
83.30000000000001,0.5,0.5,-0.18590500348116706,-0.8953441118083548
83.4,0.5,0.5,-0.1726726538739248,-0.9153549259050822
83.5,0.5,0.5,-0.15999244432443394,-0.9319571035591951
83.60000000000001,0.5,0.5,-0.14788260973288628,-0.9451734866319192
83.7,0.5,0.5,-0.13636003004177563,-0.9550329138873787
83.80000000000001,0.5,0.5,-0.12544019035011914,-0.9615701172251792
83.9,0.5,0.5,-0.11513718429555432,-0.9648255710700614
84.0,0.5,0.5,-0.10546370367154162,-0.9648453406634111
84.10000000000001,0.5,0.5,-0.0964310350264715,-0.9616809187410688
84.2,0.5,0.5,-0.08804905506702136,-0.955389059528397
84.30000000000001,0.5,0.5,-0.08032623052517934,-0.9460316050352046
84.4,0.5,0.5,-0.07326962941925223,-0.9336752877556382
84.5,0.5,0.5,-0.0668849040083337,-0.9183915743020691
84.60000000000001,0.5,0.5,-0.061176331519902295,-0.9002564286879977
84.7,0.5,0.5,-0.056146804771897305,-0.8793501228032664
84.80000000000001,0.5,0.5,-0.05179785041035729,-0.8557570270379016
84.9,0.5,0.5,-0.04812964488245408,-0.8295653957782732
85.0,0.5,0.5,-0.04514103277547885,-0.8008671482711284
85.10000000000001,0.5,0.5,-0.04282954745863243,-0.7697576453411085
85.2,0.5,0.5,-0.0411914339572512,-0.7363354624480943
85.30000000000001,0.5,0.5,-0.040221673985686865,-0.7007021595711166
85.4,0.5,0.5,-0.03991401306300132,-0.6629620484025779
85.5,0.5,0.5,-0.04026098962738731,-0.6232219573439394
85.60000000000001,0.5,0.5,-0.04125395803719301,-0.5815910097515847
85.7,0.5,0.5,-0.04288314678725777,-0.5381803477367451
85.80000000000001,0.5,0.5,-0.04513766479468503,-0.49310292302841296
85.9,0.5,0.5,-0.048005550584909934,-0.44647325198920096
86.0,0.5,0.5,-0.05147380820313774,-0.39840717667054304
86.10000000000001,0.5,0.5,-0.055528446517712174,-0.34902162652477414
86.2,0.5,0.5,-0.06015451989965151,-0.29843438121148097
86.30000000000001,0.5,0.5,-0.06533617017980436,-0.24676383493598927
86.4,0.5,0.5,-0.07105666978616701,-0.19412876274964988
86.5,0.5,0.5,-0.07729846596262123,-0.1406480892336256
86.60000000000001,0.5,0.5,-0.08404322596960451,-0.08644065997817778
86.7,0.5,0.5,-0.09127188316690997,-0.03162501625858278
86.80000000000001,0.5,0.5,-0.0989646838782499,0.023680826702076947
86.9,0.5,0.5,-0.10710125034777754,0.07935962622282484
87.0,0.5,0.5,-0.1156605726279231,0.13529503807415982
87.10000000000001,0.5,0.5,-0.12462113312143594,0.19137191371541554
87.2,0.5,0.5,-0.1339609107015964,0.2474764744262286
87.30000000000001,0.5,0.5,-0.14365744115907808,0.3034965123191959
87.4,0.5,0.5,-0.15368786144459268,0.3593215749412894
87.5,0.5,0.5,-0.16402896624654476,0.4148431602476009
87.60000000000001,0.5,0.5,-0.1746572533785674,0.4699548944378026
87.7,0.5,0.5,-0.1855489740989906,0.5245527060155437
87.80000000000001,0.5,0.5,-0.19668018233756887,0.5785349931111895
87.9,0.5,0.5,-0.20802678363183041,0.631802783835375
88.0,0.5,0.5,-0.21956459368660547,0.6842599080890421
88.10000000000001,0.5,0.5,-0.23126934811383199,0.7358130830972258
88.2,0.5,0.5,-0.2431168032219538,0.7863721143882867
88.30000000000001,0.5,0.5,-0.2550827534044183,0.8358500096048163
88.4,0.5,0.5,-0.2671430792897341,0.8841630944796227
88.5,0.5,0.5,-0.2792737959735384,0.9312311287116947
88.60000000000001,0.5,0.5,-0.2914510975351351,0.9769774132740965
88.7,0.5,0.5,-0.30365140030811955,1.021328888665483
88.80000000000001,0.5,0.5,-0.31585138540686947,1.0642162248635854
88.9,0.5,0.5,-0.32802804016470516,1.1055739029191538
89.0,0.5,0.5,-0.34015871088165733,1.145340311369844
89.10000000000001,0.5,0.5,-0.3522211041638841,1.1834577546522023
89.2,0.5,0.5,-0.36419336673910957,1.2198725535207047
89.30000000000001,0.5,0.5,-0.3760541016286431,1.2545350820763783
89.4,0.5,0.5,-0.38778240682688586,1.2873998072501398
89.5,0.5,0.5,-0.3993579089708976,1.3184253199203417
89.60000000000001,0.5,0.5,-0.41076079553240746,1.3475743577073818
89.7,0.5,0.5,-0.4219718454928497,1.3748138195119233
89.80000000000001,0.5,0.5,-0.43297245846490756,1.4001147718823337
89.9,0.5,0.5,-0.4437446822238851,1.4234524473073302
90.0,0.5,0.5,-0.45427123861826785,1.4448062345459662
90.1,0.5,0.5,-0.4645355478315634,1.4641596611207457
90.2,0.5,0.5,-0.4745217509710304,1.4815003681127674
90.3,0.5,0.5,-0.48421473096260825,1.4968200774109406
90.4,0.5,0.5,-0.4936001317348023,1.5101145515796766
90.5,0.5,0.5,-0.50266437567777,1.5213835465213905
90.6,0.5,0.5,-0.5113946793674901,1.5306307571217737
90.7,0.5,0.5,-0.519779067548179,1.5378637560765709
90.8,0.5,0.5,-0.5278063853697397,1.5430939261091858
90.9,0.5,0.5,-0.535466308880291,1.5463363857982344
91.0,0.5,0.5,-0.5427493537772464,1.547609909243515
91.1,0.5,0.5,-0.549646882423695,1.5469368398076568
91.2,0.5,0.5,-0.556151109139858,1.54434299817849
91.3,0.5,0.5,-0.5622551037836863,1.539857585006573
91.4,0.5,0.5,-0.5679527936353947,1.5335130783760793
91.5,0.5,0.5,-0.5732389636064136,1.5253451263764888
91.6,0.5,0.5,-0.5781092547946913,1.5153924350474022
91.7,0.5,0.5,-0.5825601614114367,1.5036966519738697
91.8,0.5,0.5,-0.586589026107339,1.490302245814443
91.9,0.5,0.5,-0.5901940337288235,1.4752563820480769
92.0,0.5,0.5,-0.5933742035377276,1.4586087952295823
92.1,0.5,0.5,-0.5961293799299665,1.4404116580458644
92.2,0.5,0.5,-0.5984602216914982,1.4207194474676816
92.3,0.5,0.5,-0.6003681898320008,1.3995888082931343
92.4,0.5,0.5,-0.6018555340878421,1.3770784144714199
92.5,0.5,0.5,-0.6029252783010096,1.3532488288610862
92.6,0.5,0.5,-0.6035812033492544,1.3281623593779808
92.7,0.5,0.5,-0.6038278305672728,1.3018829158029936
92.8,0.5,0.5,-0.6036704029086154,1.2744758647412922
92.9,0.5,0.5,-0.6031148652214441,1.2460078837747326
93.0,0.5,0.5,-0.6021678434030635,1.216546815020817
93.1,0.5,0.5,-0.6008366225609394,1.1861615184756726
93.2,0.5,0.5,-0.5991291241928025,1.1549217253995134
93.3,0.5,0.5,-0.597053882443001,1.122897892009441
93.4,0.5,0.5,-0.594620031485813,1.090161076094678
93.5,0.5,0.5,-0.5918372070242504,1.0567826693689861
93.6,0.5,0.5,-0.5887156889541558,1.0228344941718308
93.7,0.5,0.5,-0.5852661873157973,0.9883884581773886
93.8,0.5,0.5,-0.5814999152267779,0.9535164768017156
93.9,0.5,0.5,-0.5774285400862195,0.9182903344513338
94.0,0.5,0.5,-0.5730641550613035,0.8827815478533612
94.1,0.5,0.5,-0.5684192501582741,0.8470612317582352
94.2,0.5,0.5,-0.5635066829201599,0.8111999672402401
94.3,0.5,0.5,-0.558339648393821,0.7752676720328344
94.4,0.5,0.5,-0.5529316508446518,0.7393334771432235
94.5,0.5,0.5,-0.5472964714978387,0.7034656016091598
94.6,0.5,0.5,-0.5414481396956827,0.6677312341899067
94.7,0.5,0.5,-0.5354009023427506,0.632196417746741
94.8,0.5,0.5,-0.5291691936397732,0.5969259373947158
94.9,0.5,0.5,-0.5227676048650974,0.5619832125900167
95.0,0.5,0.5,-0.5162108542609286,0.5274301933067034
95.1,0.5,0.5,-0.5095137570802813,0.49332726044592357
95.2,0.5,0.5,-0.5026911894066363,0.4597331186037425
95.3,0.5,0.5,-0.4957580843916802,0.4267047460151009
95.4,0.5,0.5,-0.4887293656940812,0.3942972633172646
95.5,0.5,0.5,-0.4816199422620581,0.3625638684969513
95.6,0.5,0.5,-0.4744446721927297,0.33155575580083685
95.7,0.5,0.5,-0.46721834112520094,0.3013220529753051
95.8,0.5,0.5,-0.45995562961340447,0.2719097500989614
95.9,0.5,0.5,-0.45267108780009296,0.2433636378228514
96.0,0.5,0.5,-0.4453791092550767,0.21572625068203896
96.1,0.5,0.5,-0.4380939054651973,0.18903781551470217
96.2,0.5,0.5,-0.43082948101776286,0.16333620501887208
96.3,0.5,0.5,-0.423599609515713,0.13865689646649304
96.4,0.5,0.5,-0.4164178066175184,0.11503292879495389
96.5,0.5,0.5,-0.40929731993314766,0.09249489069785549
96.6,0.5,0.5,-0.40225109187115077,0.07107087753635617
96.7,0.5,0.5,-0.3952917472213476,0.05078647575964101
96.8,0.5,0.5,-0.3884315715639281,0.03166474736008394
96.9,0.5,0.5,-0.38168249226994444,0.013726219391117936
97.0,0.5,0.5,-0.3750560604476961,-0.003011121495795117
97.1,0.5,0.5,-0.3685634339198598,-0.01853182943227622
97.2,0.5,0.5,-0.36221536122184517,-0.0328229946807982
97.3,0.5,0.5,-0.35602216591868635,-0.04587423535716953
97.4,0.5,0.5,-0.34999373313068105,-0.05767768292074101
97.5,0.5,0.5,-0.34413949630404767,-0.06822796357371086
97.6,0.5,0.5,-0.3384684252089216,-0.07752217511166222
97.7,0.5,0.5,-0.3329890149898667,-0.0855598593317212
97.8,0.5,0.5,-0.3277092762755963,-0.09234297011193889
97.9,0.5,0.5,-0.3226367263532443,-0.09787583728094425
98.0,0.5,0.5,-0.31777838140936704,-0.10216512640451184
98.1,0.5,0.5,-0.31314074983828105,-0.10521979462156632
98.2,0.5,0.5,-0.30872982661621584,-0.10705104266792453
98.3,0.5,0.5,-0.30455108873769327,-0.1076722632315615
98.4,0.5,0.5,-0.3006094917085969,-0.10709898578827574
98.5,0.5,0.5,-0.29690946708849736,-0.10534881807120336
98.6,0.5,0.5,-0.2934549210723691,-0.10244138433293289
98.7,0.5,0.5,-0.29024923410119813,-0.0983982605612126
98.8,0.5,0.5,-0.2872952614876177,-0.09324290681468039
98.9,0.5,0.5,-0.28459533504202855,-0.08700059684744504
99.0,0.5,0.5,-0.28215126568246784,-0.07969834519450252
99.1,0.5,0.5,-0.279964347010004,-0.07136483189244398
99.2,0.5,0.5,-0.2780353598296973,-0.06203032501220354
99.3,0.5,0.5,-0.27636457759541067,-0.05172660118287404
99.4,0.5,0.5,-0.27495177275618965,-0.040486864285705776
99.5,0.5,0.5,-0.2737962239806944,-0.028345662497165604
99.6,0.5,0.5,-0.2728967242299534,-0.015338803869093311
99.7,0.5,0.5,-0.27225158965629853,-0.0015032706227811141
99.8,0.5,0.5,-0.27185866929765873,0.013122867659292613
99.9,0.5,0.5,-0.37904135582755816,0.028500542301106283
100.0,0.3,0.3,-0.3144523881548071,0.044294955554156024
100.1,0.3,0.3,-0.31569283430363126,0.059812016654205345
100.2,0.3,0.3,-0.316786284174498,0.07467264306683015
100.3,0.3,0.3,-0.31785243788273543,0.08887574380798259
100.4,0.3,0.3,-0.3188869096100169,0.10242145644005402
100.5,0.3,0.3,-0.3198853786745423,0.11531079352035756
100.6,0.3,0.3,-0.3208437093919855,0.12754563659182178
100.7,0.3,0.3,-0.3217579554319828,0.13912872873605883
100.8,0.3,0.3,-0.322624363671472,0.15006366540648855
100.9,0.3,0.3,-0.3234393776490511,0.16035488358547745
101.0,0.3,0.3,-0.32419964061866713,0.17000764931232962
101.1,0.3,0.3,-0.3249019982017383,0.17902804363145738
101.2,0.3,0.3,-0.3255435006374443,0.18742294701218365
101.3,0.3,0.3,-0.32612140463190864,0.19520002229404465
101.4,0.3,0.3,-0.32663317480759246,0.20236769621328562
101.5,0.3,0.3,-0.3270764847550812,0.2089351395682878
101.6,0.3,0.3,-0.3274492176905924,0.21491224608418652
101.7,0.3,0.3,-0.32774946672104155,0.22030961003495025
101.8,0.3,0.3,-0.327975534723849,0.2251385026891134
101.9,0.3,0.3,-0.3281259338444315,0.22941084764139863
102.0,0.3,0.3,-0.32819938461765813,0.23313919509545325
102.1,0.3,0.3,-0.32819481471969897,0.23633669516408415
102.2,0.3,0.3,-0.32811135735721647,0.23901707025420735
102.3,0.3,0.3,-0.3279483493014974,0.24119458660450147
102.4,0.3,0.3,-0.32770532857573276,0.2428840250444346
102.5,0.3,0.3,-0.3273820318041804,0.24410065104381937
102.6,0.3,0.3,-0.3269783912328134,0.24486018412299645
102.7,0.3,0.3,-0.3264945314312634,0.24517876669377484
102.8,0.3,0.3,-0.32593076568313883,0.24507293239522077
102.9,0.3,0.3,-0.325287592082503,0.24455957400374884
103.0,0.3,0.3,-0.32456568934157926,0.24365591098163497
103.1,0.3,0.3,-0.3237659123234653,0.24237945673400257
103.2,0.3,0.3,-0.3228892873117712,0.24074798564354352
103.3,0.3,0.3,-0.32193700702944744,0.23877949995146075
103.4,0.3,0.3,-0.32091042541941345,0.23649219655234885
103.5,0.3,0.3,-0.31981105219994194,0.23390443376997147
103.6,0.3,0.3,-0.3186405472079985,0.23103469817997102
103.7,0.3,0.3,-0.31740071454397334,0.22790157154451557
103.8,0.3,0.3,-0.3160934965346572,0.22452369792873217
103.9,0.3,0.3,-0.31472096751423695,0.22091975103898284
104.0,0.3,0.3,-0.31328532746038773,0.21710840187366923
104.1,0.3,0.3,-0.3117888954841689,0.2131082867356664
104.2,0.3,0.3,-0.31023410319823846,0.20893797567731404
104.3,0.3,0.3,-0.3086234879506041,0.2046159413918558
104.4,0.3,0.3,-0.3069596859686501,0.20016052863715061
104.5,0.3,0.3,-0.3052454254496535,0.19558992430463154
104.6,0.3,0.3,-0.30348351973845744,0.19092212845631812
104.7,0.3,0.3,-0.30167686120865,0.18617492766371332
104.8,0.3,0.3,-0.2998284107469547,0.18136586193307938
104.9,0.3,0.3,-0.29794119377497846,0.1765122003206932
105.0,0.3,0.3,-0.29601829219416476,0.1716309146280338
105.1,0.3,0.3,-0.2940628372405037,0.16673865397085413
105.2,0.3,0.3,-0.29207800236109277,0.16185172027373232
105.3,0.3,0.3,-0.2900669961434467,0.156986044766767
105.4,0.3,0.3,-0.2880330553144278,0.1521571655493216
105.5,0.3,0.3,-0.2859794311224607,0.14738019378628087
105.6,0.3,0.3,-0.28390939668665977,0.14266981244707508
105.7,0.3,0.3,-0.28182623012362157,0.13804024993619604
105.8,0.3,0.3,-0.2797332095400773,0.1335052607552582
105.9,0.3,0.3,-0.27763360652002844,0.12907810794774777
106.0,0.3,0.3,-0.2755306796168415,0.12477154688906231
106.1,0.3,0.3,-0.2734276677744468,0.12059780999314164
106.2,0.3,0.3,-0.2713277840818988,0.11656859281286568
106.3,0.3,0.3,-0.26923420954536653,0.11269504121988409
106.4,0.3,0.3,-0.26715008704699983,0.10898773977160094
106.5,0.3,0.3,-0.2650785154651467,0.10545670126776681
106.6,0.3,0.3,-0.26302254396446934,0.10211135749787802
106.7,0.3,0.3,-0.2609851664716835,0.09896055119314565
106.8,0.3,0.3,-0.25896931633280335,0.0960125291673782
106.9,0.3,0.3,-0.2569778611673114,0.09327493664964345
107.0,0.3,0.3,-0.2550135979254473,0.0907548128057313
107.1,0.3,0.3,-0.25307924815455457,0.08845858744142113
107.2,0.3,0.3,-0.25117745347998166,0.08639207887734382
107.3,0.3,0.3,-0.24931077131077134,0.08456049299223353
107.4,0.3,0.3,-0.24748167076618477,0.08296842340926934
107.5,0.3,0.3,-0.24569252883610346,0.08161985281863988
107.6,0.3,0.3,-0.24394562677568063,0.08051815541728112
107.7,0.3,0.3,-0.24224314673853767,0.07966610044681716
107.8,0.3,0.3,-0.24058716865163357,0.07906585680886867
107.9,0.3,0.3,-0.23897966733443027,0.07871899873508359
108.0,0.3,0.3,-0.23742250986447755,0.07862651248751991
108.1,0.3,0.3,-0.23591745319104668,0.0787888040633538
108.2,0.3,0.3,-0.23446614199796484,0.07920570787633269
108.3,0.3,0.3,-0.2330701068160426,0.07987649638541226
108.4,0.3,0.3,-0.2317307623857567,0.08079989064068162
108.5,0.3,0.3,-0.23044940626935453,0.08197407171412224
108.6,0.3,0.3,-0.22922721771180915,0.08339669298208281
108.7,0.3,0.3,-0.22806525674931313,0.08506489322502883
108.8,0.3,0.3,-0.2269644635635735,0.08697531050899233
108.9,0.3,0.3,-0.22592565807975135,0.0891240968121336
109.0,0.3,0.3,-0.22494953980541374,0.09150693335885286
109.1,0.3,0.3,-0.22403668790722972,0.09411904662257871
109.2,0.3,0.3,-0.22318756152079636,0.09695522495560603
109.3,0.3,0.3,-0.22240250029840045,0.10000983582078089
109.4,0.3,0.3,-0.22168172517233747,0.10327684355959199
109.5,0.3,0.3,-0.22102533934687432,0.10674982767351142
109.6,0.3,0.3,-0.2204333295055194,0.11042200157245842
109.7,0.3,0.3,-0.2199055672297868,0.1142862317485454
109.8,0.3,0.3,-0.21944181062384047,0.11833505733311178
109.9,0.3,0.3,-0.2190417061389755,0.12256070999470355
110.0,0.3,0.3,-0.21870479058909148,0.12695513413084947
110.1,0.3,0.3,-0.21843049335714035,0.1315100073205671
110.2,0.3,0.3,-0.21821813878126267,0.13621676099268606
110.3,0.3,0.3,-0.21806694871243798,0.1410666012641925
110.4,0.3,0.3,-0.2179760452387335,0.14605052990893067
110.5,0.3,0.3,-0.21794445356808131,0.1511593654154787
110.6,0.3,0.3,-0.21797110506227332,0.15638376409400523
110.7,0.3,0.3,-0.21805484036480333,0.16171424109982746
110.8,0.3,0.3,-0.21819441216850038,0.16714119044734252
110.9,0.3,0.3,-0.2183884899389428,0.1726549077742588
111.0,0.3,0.3,-0.21863566290375178,0.178245611254694
111.1,0.3,0.3,-0.2189344433677549,0.1839034616955009
111.2,0.3,0.3,-0.21928327068782083,0.18961858308510615
111.3,0.3,0.3,-0.21968051512850156,0.1953810829178344
111.4,0.3,0.3,-0.22012448180074198,0.20118107225732848
111.5,0.3,0.3,-0.22061341467506157,0.20700868550427026
111.6,0.3,0.3,-0.22114550066038693,0.2128540998345727
111.7,0.3,0.3,-0.22171887373965332,0.2187075542752086
111.8,0.3,0.3,-0.2223316191533002,0.22455936838589893
111.9,0.3,0.3,-0.22298177762177157,0.2303999605159145
112.0,0.3,0.3,-0.22366734959806958,0.23621986560624017
112.1,0.3,0.3,-0.22438629954140688,0.2420097525082981
112.2,0.3,0.3,-0.2251365602028886,0.24776044079123924
112.3,0.3,0.3,-0.2259160369069254,0.25346291699720597
112.4,0.3,0.3,-0.22672261394730941,0.2591083542757093
112.5,0.3,0.3,-0.22755415526656922,0.26468812317481094
112.6,0.3,0.3,-0.2284085093459297,0.27019380469316245
112.7,0.3,0.3,-0.22928351498204214,0.27561720619655816
112.8,0.3,0.3,-0.23017700486084483,0.28095037477360896
112.9,0.3,0.3,-0.23108680971160261,0.28618560991531505
113.0,0.3,0.3,-0.2320107624124435,0.2913154755153088
113.1,0.3,0.3,-0.23294670203873835,0.29633281118190546
113.2,0.3,0.3,-0.23389247784690737,0.30123074285211093
113.3,0.3,0.3,-0.2348459532089987,0.30600269273965613
113.4,0.3,0.3,-0.23580500936025015,0.310642388389097
113.5,0.3,0.3,-0.23676754927669216,0.31514387129885874
113.6,0.3,0.3,-0.23773150124864303,0.3195015045947084
113.7,0.3,0.3,-0.23869482246504645,0.32370998003468454
113.8,0.3,0.3,-0.2396555024739966,0.3277643242765052
113.9,0.3,0.3,-0.24061156653589766,0.3316599044057468
114.0,0.3,0.3,-0.24156107886423175,0.3353924327244947
114.1,0.3,0.3,-0.24250214574921855,0.3389579708015743
114.2,0.3,0.3,-0.24343291855988897,0.34235293278679874
114.3,0.3,0.3,-0.24435159662043282,0.345574087993069
114.4,0.3,0.3,-0.24525642995695013,0.3486185627514634
114.5,0.3,0.3,-0.246145721911048,0.35148384154579054
114.6,0.3,0.3,-0.2470178316170336,0.35416776743436
114.7,0.3,0.3,-0.2478711763397494,0.35666854176797863
114.8,0.3,0.3,-0.24870423367081368,0.3589847232151568
114.9,0.3,0.3,-0.24951554358009875,0.36111522610483243
115.0,0.3,0.3,-0.2503037103194781,0.3630593180967523
115.1,0.3,0.3,-0.2510674041815,0.3648166171998704
115.2,0.3,0.3,-0.2518053631065869,0.366387088148272
115.3,0.3,0.3,-0.2525163941401397,0.3677710381518099
115.4,0.3,0.3,-0.2531993747382973,0.368969112038235
115.5,0.3,0.3,-0.2538532539218461,0.369982286804515
115.6,0.3,0.3,-0.25447705327811215,0.37081186559597534
115.7,0.3,0.3,-0.2550698678109163,0.37145947113269057
115.8,0.3,0.3,-0.2556308666390036,0.37192703860338866
115.9,0.3,0.3,-0.2561592935436228,0.3722168080478603
116.0,0.3,0.3,-0.256654467366217,0.3723313162495616
116.1,0.3,0.3,-0.25711578225746673,0.37227338816075156
116.2,0.3,0.3,-0.2575427077791162,0.37204612788295094
116.3,0.3,0.3,-0.2579347888606835,0.37165290922672783
116.4,0.3,0.3,-0.2582916456125208,0.37109736587404885
116.5,0.3,0.3,-0.258612972997945,0.37038338116798186
116.6,0.3,0.3,-0.2588985403668045,0.3695150775544977
116.7,0.3,0.3,-0.2591481908532324,0.3684968057014588
116.8,0.3,0.3,-0.25936184064056206,0.3673331333201813
116.9,0.3,0.3,-0.2595394780965863,0.36602883371517564
117.0,0.3,0.3,-0.2596811627825587,0.3645888740878502
117.1,0.3,0.3,-0.2597870243496377,0.3630184036389329
117.2,0.3,0.3,-0.2598572612762946,0.36132274141326715
117.3,0.3,0.3,-0.25989213956023566,0.359507364067446
117.4,0.3,0.3,-0.25989199123281553,0.3575778934263051
117.5,0.3,0.3,-0.2598572128034143,0.3555400839490255
117.6,0.3,0.3,-0.2597882635931282,0.3533998101045986
117.7,0.3,0.3,-0.2596856639698242,0.35116305368018796
117.8,0.3,0.3,-0.2595499934911511,0.34883589105006196
117.9,0.3,0.3,-0.2593818889595353,0.3464244804301671
118.0,0.3,0.3,-0.2591820423940735,0.34393504914309736
118.1,0.3,0.3,-0.25895119892426904,0.3413738809177717
118.2,0.3,0.3,-0.258690154928287,0.3387473038395863
118.3,0.3,0.3,-0.2583997556690685,0.33606167792943586
118.4,0.3,0.3,-0.25808089182909505,0.33332338061183225
118.5,0.3,0.3,-0.25773449854549807,0.3305387957427587
118.6,0.3,0.3,-0.25736155254587145,0.32771430143715624
118.7,0.3,0.3,-0.25696306968323057,0.3248562580683101
118.8,0.3,0.3,-0.2565401024300192,0.32197099646055155
118.9,0.3,0.3,-0.2560937373364785,0.3190648062957141
119.0,0.3,0.3,-0.25562509245887605,0.3161439247532242
119.1,0.3,0.3,-0.2551353147630949,0.3132145254031243
119.2,0.3,0.3,-0.2546255775091763,0.31028270737085556
119.3,0.3,0.3,-0.25409707762248124,0.30735448479222177
119.4,0.3,0.3,-0.25355103305728544,0.3044357765767442
119.5,0.3,0.3,-0.2529886801589428,0.30153239649781133
119.6,0.3,0.3,-0.2524112710312187,0.2986500436287933
119.7,0.3,0.3,-0.2518200709043023,0.29579429312380623
119.8,0.3,0.3,-0.251216351152925,0.29297057923039616
119.9,0.3,0.3,-0.25060139687469457,0.29018420088998576
120.0,0.3,0.3,-0.24997649647109416,0.28744030761443373
120.1,0.3,0.3,-0.24934294099726845,0.2847438916302887
120.2,0.3,0.3,-0.24870202163499444,0.2820997804872445
120.3,0.3,0.3,-0.24805502719245986,0.27951263010297467
120.4,0.3,0.3,-0.24740324164022595,0.2769869182387523
120.5,0.3,0.3,-0.24674794168822944,0.2745269384055713
120.6,0.3,0.3,-0.24609039441779043,0.27213679422074805
120.7,0.3,0.3,-0.24543185495544845,0.2698203941965756
120.8,0.3,0.3,-0.24477356420384974,0.2675814469721629
120.9,0.3,0.3,-0.2441167466314985,0.2654234569926365
121.0,0.3,0.3,-0.24346260812431367,0.26334972063763473
121.1,0.3,0.3,-0.242812333902272,0.26136332280026775
121.2,0.3,0.3,-0.24216708650426141,0.2594671339169263
121.3,0.3,0.3,-0.24152800384408407,0.25766380744749445
121.4,0.3,0.3,-0.24089619734037604,0.255955777804704
121.5,0.3,0.3,-0.24027275012303617,0.254345258730539
121.6,0.3,0.3,-0.239658715318562,0.2528342421167762
121.7,0.3,0.3,-0.2390551144165245,0.2514244972659569
121.8,0.3,0.3,-0.23846293571920935,0.25011757058827394
121.9,0.3,0.3,-0.23788313287565205,0.24891478572793313
122.0,0.3,0.3,-0.23731662350361532,0.2478172441157702
122.1,0.3,0.3,-0.23676428790009127,0.24682582594141092
122.2,0.3,0.3,-0.23622696783875693,0.24594119153218405
122.3,0.3,0.3,-0.23570546545992804,0.24516378313570103
122.4,0.3,0.3,-0.23520054225147516,0.24449382709582823
122.5,0.3,0.3,-0.2347129181218971,0.24393133641258546
122.6,0.3,0.3,-0.23424327056608296,0.24347611367589822
122.7,0.3,0.3,-0.2337922339241127,0.24312775436255124
122.8,0.3,0.3,-0.2333603987332559,0.24288565048513328
122.9,0.3,0.3,-0.23294831117315137,0.24274899458123583
123.0,0.3,0.3,-0.2325564726039724,0.24271678403067842
123.1,0.3,0.3,-0.2321853391972121,0.2427878256880791
123.2,0.3,0.3,-0.231835321658545,0.24296074081764968
123.3,0.3,0.3,-0.23150678504192215,0.24323397031645172
123.4,0.3,0.3,-0.23120004865432728,0.2436057802126374
123.5,0.3,0.3,-0.23091538604983505,0.24407426742410607
123.6,0.3,0.3,-0.23065302511192556,0.24463736576310416
123.7,0.3,0.3,-0.2304131482226676,0.24529285217192917
123.8,0.3,0.3,-0.2301958925172716,0.24603835317466122
123.9,0.3,0.3,-0.2300013502223654,0.24687135152962655
124.0,0.3,0.3,-0.22982956907620558,0.24778919306712271
124.1,0.3,0.3,-0.22968055282890962,0.24878909369678529
124.2,0.3,0.3,-0.22955426181865918,0.2498681465651317
124.3,0.3,0.3,-0.22945061362874203,0.25102332935833144
124.4,0.3,0.3,-0.22936948381633,0.25225151172820875
124.5,0.3,0.3,-0.22931070670749348,0.25354946281602575
124.6,0.3,0.3,-0.22927407626583443,0.25491385887081053
124.7,0.3,0.3,-0.22925934702580475,0.2563412909423052
124.8,0.3,0.3,-0.22926623508933364,0.2578282726326973
124.9,0.3,0.3,-0.22929441918129356,0.25937124788825805
125.0,0.3,0.3,-0.22934354176523344,0.26096659882140383
125.1,0.3,0.3,-0.22941321021351524,0.2626106535459982
125.2,0.3,0.3,-0.22950299802816973,0.2642996940082876
125.3,0.3,0.3,-0.22961244611090967,0.26602996379979166
125.4,0.3,0.3,-0.22974106310961484,0.26779767413139616
125.5,0.3,0.3,-0.22988832925475625,0.26959901509852024
125.6,0.3,0.3,-0.23005369575012471,0.2714301617616724
125.7,0.3,0.3,-0.23023658666131633,0.27328728161020616
125.8,0.3,0.3,-0.23043640042516347,0.2751665420683628
125.9,0.3,0.3,-0.2306525113452143,0.27706411789878843
126.0,0.3,0.3,-0.2308842711132406,0.27897619849038535
126.1,0.3,0.3,-0.2311310103534868,0.28089899501786003
126.2,0.3,0.3,-0.23139204018625134,0.28282874746060493
126.3,0.3,0.3,-0.23166665380740142,0.284761731468897
126.4,0.3,0.3,-0.23195412808035573,0.28669426506564627
126.5,0.3,0.3,-0.2322537251369801,0.2886227151720891
126.6,0.3,0.3,-0.23256469398374574,0.29054350394588196
126.7,0.3,0.3,-0.23288627210926102,0.2924531149198185
126.8,0.3,0.3,-0.23321768708451224,0.2943480989205044
126.9,0.3,0.3,-0.23355815848389078,0.29622508036864836
127.0,0.3,0.3,-0.2339069022688474,0.2980807683170335
127.1,0.3,0.3,-0.23426312477105288,0.29991195087001943
127.2,0.3,0.3,-0.23462603039383093,0.301715505023507
127.3,0.3,0.3,-0.23499482163709431,0.3034884015482859
127.4,0.3,0.3,-0.23536870066094265,0.3052277096258745
127.5,0.3,0.3,-0.23574687081718285,0.30693060120906357
127.6,0.3,0.3,-0.2361285381596254,0.3085943551140495
127.7,0.3,0.3,-0.2365129129294632,0.310216360845181
127.8,0.3,0.3,-0.236899211012838,0.3117941221512077
127.9,0.3,0.3,-0.237286655368025,0.31332526031122
128.0,0.3,0.3,-0.23767447741983733,0.31480751714839855
128.1,0.3,0.3,-0.23806191841900554,0.31623875776994315
128.20000000000002,0.3,0.3,-0.23844823076437527,0.3176169730319032
128.3,0.3,0.3,-0.2388326792858824,0.3189402817280814
128.4,0.3,0.3,-0.23921454248637772,0.32020693250266963
128.5,0.3,0.3,-0.23959311374045594,0.32141530548675135
128.6,0.3,0.3,-0.2399677024485802,0.32256391365933473
128.70000000000002,0.3,0.3,-0.24033763514487458,0.32365140393405634
128.8,0.3,0.3,-0.24070225655709598,0.32467655797323214
128.9,0.3,0.3,-0.24106093061743858,0.3256382927314955
129.0,0.3,0.3,-0.24141304142266753,0.32653566073129797
129.1,0.3,0.3,-0.2417579941427947,0.3273678500738647
129.20000000000002,0.3,0.3,-0.2420952158779952,0.3281341841908654
129.3,0.3,0.3,-0.242424156457969,0.3288341213327787
129.4,0.3,0.3,-0.24274428919212254,0.32946725381067904
129.5,0.3,0.3,-0.2430551115615001,0.33003330698819877
129.6,0.3,0.3,-0.24335614585561444,0.3305321380309515
129.70000000000002,0.3,0.3,-0.243646939753051,0.330963734419111
129.8,0.3,0.3,-0.243927066845484,0.3313282122292103
129.9,0.3,0.3,-0.24419612710486518,0.33162581419159376
130.0,0.3,0.3,-0.24445374729364805,0.33185690753029096
130.1,0.3,0.3,-0.24469958131803277,0.33202198159241514
130.20000000000002,0.3,0.3,-0.24493331052431638,0.3321216452744907
130.3,0.3,0.3,-0.24515464393855066,0.33215662425340947
130.4,0.3,0.3,-0.24536331844980735,0.33212775802998257
130.5,0.3,0.3,-0.24555909893743127,0.3320359967932521
130.6,0.3,0.3,-0.24574177834294775,0.3318823981142755
130.70000000000002,0.3,0.3,-0.24591117768696,0.33166812347769603
130.8,0.3,0.3,-0.24606714603196428,0.3313944346601524
130.9,0.3,0.3,-0.24620956039180086,0.33106268996453025
131.0,0.3,0.3,-0.24633832558865085,0.33067434031925264
131.1,0.3,0.3,-0.24645337405855627,0.3302309252519317
131.20000000000002,0.3,0.3,-0.24655466560653627,0.3297340687468305
131.3,0.3,0.3,-0.24664218711244815,0.32918547499566897
131.4,0.3,0.3,-0.246715952188825,0.32858692405139694
131.5,0.3,0.3,-0.2467760007919924,0.32794026739459603
131.6,0.3,0.3,-0.24682239879050308,0.32724742342717694
131.70000000000002,0.3,0.3,-0.24685523748086408,0.32651037288470186
131.8,0.3,0.3,-0.24687463307102586,0.3257311542012517
131.9,0.3,0.3,-0.24688072611901943,0.3249118588248468
132.0,0.3,0.3,-0.24687368093205156,0.3240546264927603
132.1,0.3,0.3,-0.2468536849285185,0.3231616404776034
132.20000000000002,0.3,0.3,-0.24682094796423587,0.32223512281369127
132.3,0.3,0.3,-0.24677570162465445,0.3212773295130992
132.4,0.3,0.3,-0.24671819848482354,0.3202905457806256
132.5,0.3,0.3,-0.24664871133888963,0.3192770812366713
132.6,0.3,0.3,-0.24656753327098357,0.31823926677815073
132.70000000000002,0.3,0.3,-0.2464749747212743,0.31717944689013705
132.8,0.3,0.3,-0.24637136415444527,0.3160999759780035
132.9,0.3,0.3,-0.24625704701196283,0.3150032140239471
133.0,0.3,0.3,-0.24613238471768709,0.3138915219867709
133.1,0.3,0.3,-0.2459977537668508,0.31276725726197435
133.20000000000002,0.3,0.3,-0.24585354480252197,0.31163276921762
133.3,0.3,0.3,-0.24570016167405492,0.3104903948042083
133.4,0.3,0.3,-0.24553802047752635,0.3093424542364628
133.5,0.3,0.3,-0.24536754859456594,0.3081912467753263
133.6,0.3,0.3,-0.2451891837206202,0.30703904660950615
133.70000000000002,0.3,0.3,-0.24500337288760327,0.3058880988440343
133.8,0.3,0.3,-0.24481057148339175,0.3047406156035446
133.9,0.3,0.3,-0.24461124227080114,0.3035987722583604
134.0,0.3,0.3,-0.24440585440911936,0.3024647037824154
134.1,0.3,0.3,-0.24419488248194465,0.30134050125374257
134.20000000000002,0.3,0.3,-0.24397880274564118,0.30022820331110917
134.3,0.3,0.3,-0.24375809711325902,0.29912979904052867
134.4,0.3,0.3,-0.24353325083521773,0.298047226105173
134.5,0.3,0.3,-0.24330474983786332,0.296982365338215
134.6,0.3,0.3,-0.2430730805588068,0.2959370378871185
134.70000000000002,0.3,0.3,-0.24283872900189654,0.29491300251174896
134.8,0.3,0.3,-0.2426021798046327,0.2939119530371632
134.9,0.3,0.3,-0.24236391533869642,0.2929355159980265
135.0,0.3,0.3,-0.24212441480292188,0.29198524841895857
135.1,0.3,0.3,-0.24188415334292984,0.29106263575847463
135.20000000000002,0.3,0.3,-0.2416436011915958,0.2901690900204368
135.3,0.3,0.3,-0.2414032228305823,0.28930594803356346
135.4,0.3,0.3,-0.24116347617426515,0.28847446989952075
135.5,0.3,0.3,-0.24092481177734373,0.2876758376100121
135.6,0.3,0.3,-0.24068767206732372,0.2869111538330348
135.70000000000002,0.3,0.3,-0.24045249060301566,0.28618144086822356
135.8,0.3,0.3,-0.24021969136012455,0.28548763977092584
135.9,0.3,0.3,-0.23998968804492463,0.2848306096443413
136.0,0.3,0.3,-0.23976288343697122,0.28421112709878976
136.1,0.3,0.3,-0.23953966876170646,0.28362988587684734
136.20000000000002,0.3,0.3,-0.23932042309376733,0.2830874966428176
136.3,0.3,0.3,-0.23910551279172454,0.28258448693470506
136.4,0.3,0.3,-0.23889529096430168,0.28212130127544
136.5,0.3,0.3,-0.23869009697120203,0.2816983014450054
136.6,0.3,0.3,-0.23849025595515708,0.2813157669059743
136.70000000000002,0.3,0.3,-0.23829607840812883,0.2809738953812193
136.8,0.3,0.3,-0.23810785977184368,0.2806728035812852
136.9,0.3,0.3,-0.23792588007252582,0.2804125280775919
137.0,0.3,0.3,-0.23775040359020744,0.2801930263178209
137.1,0.3,0.3,-0.23758167856278242,0.28001417777961196
137.20000000000002,0.3,0.3,-0.23741993692490265,0.27987578525848333
137.3,0.3,0.3,-0.23726539408174796,0.2797775762856867
137.4,0.3,0.3,-0.23711824871763404,0.2797192046715189
137.5,0.3,0.3,-0.23697868263935495,0.2797002521694286
137.6,0.3,0.3,-0.23684686065409088,0.27972023025608844
137.70000000000002,0.3,0.3,-0.2367229304816627,0.27977858202246825
137.8,0.3,0.3,-0.23660702270077913,0.2798746841706842
137.9,0.3,0.3,-0.23649925072902694,0.2800078491114962
138.0,0.3,0.3,-0.23639971083608932,0.28017732715697075
138.1,0.3,0.3,-0.2363084821897628,0.2803823088028339
138.20000000000002,0.3,0.3,-0.23622562693423166,0.2806219270949139
138.3,0.3,0.3,-0.23615119030001452,0.28089526007399357
138.4,0.3,0.3,-0.23608520074494427,0.28120133329331354
138.5,0.3,0.3,-0.2360276701254891,0.28153912240290563
138.6,0.3,0.3,-0.2359785938976771,0.2819075557948893
138.70000000000002,0.3,0.3,-0.2359379513466513,0.28230551730347475
138.8,0.3,0.3,-0.23590570584313464,0.2827318489518769
138.9,0.3,0.3,-0.23588180513235876,0.28318535375104875
139.0,0.3,0.3,-0.23586618164145914,0.2836647985264655
139.1,0.3,0.3,-0.23585875281680999,0.28416891677933886
139.20000000000002,0.3,0.3,-0.23585942148461295,0.2846964115732538
139.3,0.3,0.3,-0.23586807623475536,0.2852459584403734
139.4,0.3,0.3,-0.23588459182631966,0.285816208300325
139.5,0.3,0.3,-0.23590882960225118,0.2864057903640825
139.6,0.3,0.3,-0.2359406379468461,0.287013315068751
139.70000000000002,0.3,0.3,-0.23597985275210578,0.2876373770077896
139.8,0.3,0.3,-0.23602629742162384,0.2882765569566066
139.9,0.3,0.3,-0.23607978411708797,0.288929425629774
140.0,0.3,0.3,-0.23614011456211528,0.28959454762687864
140.1,0.3,0.3,-0.2362070796813716,0.2902704832700516
140.20000000000002,0.3,0.3,-0.23628046047809625,0.2909557914276317
140.3,0.3,0.3,-0.23636002858811755,0.29164903230283107
140.4,0.3,0.3,-0.23644554684388364,0.2923487701814478
140.5,0.3,0.3,-0.23653676984751207,0.2930535761336717
140.6,0.3,0.3,-0.23663344455155194,0.2937620306651255
140.70000000000002,0.3,0.3,-0.2367353108461005,0.2944727263123179
140.8,0.3,0.3,-0.23684210215087118,0.2951842701776905
140.9,0.3,0.3,-0.23695354601073448,0.29589528639935864
141.0,0.3,0.3,-0.23706936469311932,0.29660441855042735
141.1,0.3,0.3,-0.2371892757854705,0.29731033196233
141.20000000000002,0.3,0.3,-0.237312992790608,0.29801171596579873
141.3,0.3,0.3,-0.23744022571722934,0.2987072860415244
141.4,0.3,0.3,-0.23757068353647043,0.29939578936326605
141.5,0.3,0.3,-0.23770407297308044,0.30007600552105074
141.6,0.3,0.3,-0.23784009628448585,0.3007467423844485
141.70000000000002,0.3,0.3,-0.2379784560118027,0.30140684202584017
141.8,0.3,0.3,-0.2381188542293708,0.3020551824972599
141.9,0.3,0.3,-0.23826099312307059,0.3026906795092856
142.0,0.3,0.3,-0.23840457556153544,0.3033122880135255
142.1,0.3,0.3,-0.23854930565820334,0.30391900368713304
142.20000000000002,0.3,0.3,-0.23869488932330823,0.30450986431804933
142.3,0.3,0.3,-0.23884103480491334,0.30508395108985886
142.4,0.3,0.3,-0.23898745321811266,0.3056403897653109
142.5,0.3,0.3,-0.23913385906155,0.3061783517677274
142.6,0.3,0.3,-0.23927997072044085,0.3066970551596938
142.70000000000002,0.3,0.3,-0.23942551095531792,0.3071957655186103
142.8,0.3,0.3,-0.23957020737575496,0.3076737967088682
142.9,0.3,0.3,-0.23971379289837066,0.30813051155061166
143.0,0.3,0.3,-0.23985600618826874,0.3085653223849062
143.1,0.3,0.3,-0.23999659208366395,0.30897769153614824
143.20000000000002,0.3,0.3,-0.24013530200304165,0.30936713167242014
143.3,0.3,0.3,-0.24027189433401486,0.309733206064057
143.4,0.3,0.3,-0.2404061348035309,0.31007552874133315
143.5,0.3,0.3,-0.24053779682896823,0.31039376455234724
143.6,0.3,0.3,-0.24066666184998387,0.3106876291228737
143.70000000000002,0.3,0.3,-0.24079251963966505,0.3109568887179098
143.8,0.3,0.3,-0.24091516859609224,0.31120136000815973
143.9,0.3,0.3,-0.24103441601350728,0.311420909743243
144.0,0.3,0.3,-0.24115007833238528,0.3116154543326947
144.1,0.3,0.3,-0.24126198136865373,0.3117849593371277
144.20000000000002,0.3,0.3,-0.2413699605217991,0.3119294388717551
144.3,0.3,0.3,-0.24147386096174314,0.3120489549246055
144.4,0.3,0.3,-0.24157353779441715,0.31214361659189443
144.5,0.3,0.3,-0.24166885620600614,0.3122135792331478
144.6,0.3,0.3,-0.24175969158586977,0.31225904354878103
144.70000000000002,0.3,0.3,-0.24184592962819507,0.3122802545829603
144.8,0.3,0.3,-0.2419274664124714,0.31227750065467164
144.9,0.3,0.3,-0.24200420846291668,0.31225111222001695
145.0,0.3,0.3,-0.24207607278703536,0.3122014606688735
145.1,0.3,0.3,-0.24214298689350047,0.3121289570590957
145.20000000000002,0.3,0.3,-0.24220488878961222,0.3120340507915406
145.3,0.3,0.3,-0.24226172695861575,0.31191722822926937
145.4,0.3,0.3,-0.24231346031718992,0.3117790112643291
145.5,0.3,0.3,-0.24236005815397127,0.3116199558365363
145.6,0.3,0.3,-0.24240150004910113,0.3114406504076121
145.70000000000002,0.3,0.3,-0.2424377757731673,0.3112417143903067
145.8,0.3,0.3,-0.24246888516975088,0.311023796540749
145.9,0.3,0.3,-0.24249483801976357,0.3107875733162088
146.0,0.3,0.3,-0.24251565388900273,0.3105337472027472
146.1,0.3,0.3,-0.24253136195774122,0.31026304501371565
146.20000000000002,0.3,0.3,-0.24254200083473132,0.3099762161645257
146.3,0.3,0.3,-0.24254761835659994,0.30967403092916795
146.4,0.3,0.3,-0.2425482713712401,0.30935727867950114
146.5,0.3,0.3,-0.24254402550717158,0.30902676611184876
146.6,0.3,0.3,-0.24253495492925187,0.30868331546457806
146.70000000000002,0.3,0.3,-0.24252114208143483,0.30832776273034457
146.8,0.3,0.3,-0.2425026774173153,0.3079609558667142
146.9,0.3,0.3,-0.2424796591192461,0.30758375300893465
147.0,0.3,0.3,-0.2424521931854539,0.30719702139420024
147.1,0.3,0.3,-0.2424203926403504,0.3068016351042325
147.20000000000002,0.3,0.3,-0.24238437669726964,0.3063984720233684
147.3,0.3,0.3,-0.24234427140656117,0.3059884131237077
147.4,0.3,0.3,-0.24230020898494684,0.3055723407336081
147.5,0.3,0.3,-0.24225232747859138,0.30515113682651074
147.6,0.3,0.3,-0.24220077042003052,0.3047256813341951
147.70000000000002,0.3,0.3,-0.24214568647945034,0.3042968504875709
147.8,0.3,0.3,-0.24208722911115116,0.30386551518809257
147.9,0.3,0.3,-0.2420255561960569,0.30343253941288273
148.0,0.3,0.3,-0.24196082968118413,0.30299877865670355
148.1,0.3,0.3,-0.24189321521704976,0.30256507841402763
148.20000000000002,0.3,0.3,-0.2418228817941145,0.30213227270470633
148.3,0.3,0.3,-0.24175000137953317,0.30170118264715673
148.4,0.3,0.3,-0.2416747485557873,0.30127261508376874
148.5,0.3,0.3,-0.24159730016329278,0.3008473612646073
148.6,0.3,0.3,-0.24151783438820262,0.30042619455107467
148.70000000000002,0.3,0.3,-0.24143652762300302,0.30000986339790636
148.8,0.3,0.3,-0.24135356294474342,0.29959910317668914
148.9,0.3,0.3,-0.24126912208310827,0.29919462865807867
149.0,0.3,0.3,-0.24118338715390852,0.2987971329004711
149.1,0.3,0.3,-0.24109654030540364,0.29840728620409585
149.20000000000002,0.3,0.3,-0.24100876336740804,0.29802573512481323
149.3,0.3,0.3,-0.2409202375057901,0.2976531015481476
149.4,0.3,0.3,-0.24083114288295548,0.29728998182416233
149.5,0.3,0.3,-0.2407416583248832,0.29693694596377707
149.6,0.3,0.3,-0.24065196099525704,0.2965945368970685
149.70000000000002,0.3,0.3,-0.24056222607721767,0.29626326979402046
149.8,0.3,0.3,-0.24047262646323944,0.2959436314480945
149.9,0.3,0.3,-0.24047262646323944,0.29563607972289097
