Time,Input,Output
0,0,0
0.072536268134067,0,0
0.145072536268134,0,0
0.217608804402201,0,0
0.290145072536268,0,0
0.362681340670335,0,0
0.435217608804402,0,0
0.507753876938469,0,0
0.580290145072536,0,0
0.652826413206603,0,0
0.72536268134067,0,0
0.797898949474737,0,0
0.870435217608804,0,0
0.942971485742872,0,0
1.01550775387694,0,0
1.08804402201101,0,0
1.16058029014507,0,0
1.23311655827914,0,0
1.30565282641321,0,0
1.37818909454727,0,0
1.45072536268134,0,0
1.52326163081541,0,0
1.59579789894947,0,0
1.66833416708354,0,0
1.74087043521761,0,0
1.81340670335168,0,0
1.88594297148574,0,0
1.95847923961981,0,0
2.03101550775388,0,0
2.10355177588794,0,0
2.17608804402201,0,0
2.24862431215608,0,0
2.32116058029015,0,0
2.39369684842421,0,0
2.46623311655828,0,0
2.53876938469235,0,0
2.61130565282641,0,0
2.68384192096048,0,0
2.75637818909455,0,0
2.82891445722861,0,0
2.90145072536268,0,0
2.97398699349675,0,0
3.04652326163082,0,0
3.11905952976488,0,0
3.19159579789895,0,0
3.26413206603302,0,0
3.33666833416708,0,0
3.40920460230115,0,0
3.48174087043522,0,0
3.55427713856929,0,0
3.62681340670335,0,0
3.69934967483742,0,0
3.77188594297149,0,0
3.84442221110555,0,0
3.91695847923962,0,0
3.98949474737369,0,0
4.06203101550775,0,0
4.13456728364182,0,0
4.20710355177589,0,0
4.27963981990996,0,0
4.35217608804402,0,0
4.42471235617809,0,0
4.49724862431216,0,0
4.56978489244622,0,0
4.64232116058029,0,0
4.71485742871436,0,0
4.78739369684842,0,0
4.85992996498249,0,0
4.93246623311656,0,0
5.00500250125063,0,0
5.07753876938469,0,0
5.15007503751876,0,0
5.22261130565283,0,0
5.29514757378689,0,0
5.36768384192096,0,0
5.44022011005503,0,0
5.5127563781891,0,0
5.58529264632316,0,0
5.65782891445723,0,0
5.7303651825913,0,0
5.80290145072536,0,0
5.87543771885943,0,0
5.9479739869935,0,0
6.02051025512756,0,0
6.09304652326163,0,0
6.1655827913957,0,0
6.23811905952977,0,0
6.31065532766383,0,0
6.3831915957979,0,0
6.45572786393197,0,0
6.52826413206603,0,0
6.6008004002001,0,0
6.67333666833417,0,0
6.74587293646823,0,0
6.8184092046023,0,0
6.89094547273637,0,0
6.96348174087044,0,0
7.0360180090045,0,0
7.10855427713857,0,0
7.18109054527264,0,0
7.2536268134067,0,0
7.32616308154077,0,0
7.39869934967484,0,0
7.4712356178089,0,0
7.54377188594297,0,0
7.61630815407704,0,0
7.68884442221111,0,0
7.76138069034517,0,0
7.83391695847924,0,0
7.90645322661331,0,0
7.97898949474737,0,0
8.05152576288144,0,0
8.12406203101551,0,0
8.19659829914957,0,0
8.26913456728364,0,0
8.34167083541771,0,0
8.41420710355178,0,0
8.48674337168584,0,0
8.55927963981991,0,0
8.63181590795398,0,0
8.70435217608804,0,0
8.77688844422211,0,0
8.84942471235618,0,0
8.92196098049025,0,0
8.99449724862431,0,0
9.06703351675838,0,0
9.13956978489245,0,0
9.21210605302651,0,0
9.28464232116058,0,0
9.35717858929465,0,0
9.42971485742872,0,0
9.50225112556278,0,0
9.57478739369685,0,0
9.64732366183092,0,0
9.71985992996498,0,0
9.79239619809905,0,0
9.86493246623312,0,0
9.93746873436719,0,0
10.0100050025013,1,0.00108620958050433
10.0825412706353,1,0.00752398071394042
10.1550775387694,1,0.0201810736635452
10.2276138069035,1,0.0388196178356823
10.3001500750375,1,0.0632024891361308
10.3726863431716,1,0.0930935896667705
10.4452226113057,1,0.128258116134434
10.5177588794397,1,0.168462817027283
10.5902951475738,1,0.213476238626612
10.6628314157079,1,0.26306895993396
10.7353676838419,1,0.317013816604921
10.807903951976,1,0.375086113991955
10.8804402201101,1,0.437063829408938
10.9529764882441,1,0.502727803740103
11.0255127563782,1,0.571861922525407
11.0980490245123,1,0.644253286663252
11.1705852926463,1,0.719692372879884
11.2431215607804,1,0.797973184122695
11.3156578289145,1,0.878893390042052
11.3881940970485,1,0.962254457733236
11.4607303651826,1,1.04786177291653
11.5332666333167,1,1.13552475173953
11.6058029014507,1,1.22505694339121
11.6783391695848,1,1.31627612372261
11.7508754377189,1,1.40900438007341
11.8234117058529,1,1.50306818750811
11.895947973987,1,1.59829847666934
11.9684842421211,1,1.69453069345921
12.0410205102551,1,1.79160485076268
12.1135567783892,1,1.88936557242963
12.1860930465233,1,1.98766212973448
12.2586293146573,1,2.08634847053431
12.3311655827914,1,2.18528324134776
12.4037018509255,1,2.28432980257841
12.4762381190595,1,2.38335623710721
12.5487743871936,1,2.48223535247893
12.6213106553277,1,2.58084467690804
12.6938469234617,1,2.67906644932932
12.7663831915958,1,2.77678760371818
12.8389194597299,1,2.873899747905
12.9114557278639,1,2.970299137107
12.983991995998,1,3.0658866424
13.0565282641321,1,3.16056771435095
13.1290645322661,1,3.25425234203073
13.2016008004002,1,3.34685500762444
13.2741370685343,1,3.43829463685496
13.3466733366683,1,3.52849454543262
13.4192096048024,1,3.6173823817419
13.4917458729365,1,3.70489006597317
13.5642821410705,1,3.79095372590463
13.6368184092046,1,3.87551362953687
13.7093546773387,1,3.95851411477899
13.7818909454727,1,4.03990351638226
13.8544272136068,1,4.1196340903137
13.9269634817409,1,4.1976619357584
13.9994997498749,1,4.2739469149358
14.072036018009,1,4.34845257091148
14.1445722861431,1,4.42114604358182
14.2171085542771,1,4.49199798400529
14.2896448224112,1,4.56098246724986
14.3621810905453,1,4.62807690392189
14.4347173586793,1,4.69326195053791
14.5072536268134,1,4.75652141889606
14.5797898949475,1,4.81784218460009
14.6523261630815,1,4.87721409488402
14.7248624312156,1,4.93462987588177
14.7973986993497,1,4.99008503948088
14.8699349674837,1,5.04357778989587
14.9424712356178,1,5.09510893009159
15.0150075037519,1,5.14468176818291
15.0875437718859,1,5.19230202393253
15.16008004002,1,5.23797773546401
15.2326163081541,1,5.28171916630315
15.3051525762881,1,5.32353871285571
15.3776888444222,1,5.36345081242583
15.4502251125563,1,5.40147185187441
15.5227613806903,1,5.43762007701275
15.5952976488244,1,5.47191550282236
15.6678339169585,1,5.50437982458729
15.7403701850925,1,5.53503633002151
15.8129064532266,1,5.5639098124692
15.8854427213607,1,5.59102648525192
15.9579789894947,1,5.61641389723249
16.0305152576288,1,5.64010084966124
16.1030515257629,1,5.66211731436639
16.175587793897,1,5.68249435334639
16.248124062031,1,5.70126403981801
16.3206603301651,1,5.71845938077055
16.3931965982992,1,5.73411424107227
16.4657328664332,1,5.74826326917202
16.5382691345673,1,5.7609418244351
16.6108054027014,1,5.77218590614903
16.6833416708354,1,5.78203208423143
16.7558779389695,1,5.79051743166891
16.8284142071036,1,5.79767945871263
16.9009504752376,1,5.8035560488528
16.9734867433717,1,5.80818539659163
17.0460230115058,1,5.81160594703101
17.1185592796398,1,5.81385633728817
17.1910955477739,1,5.81497533975011
17.263631815908,1,5.81500180717444
17.336168084042,1,5.8139746196418
17.4087043521761,1,5.81193263336251
17.4812406203102,1,5.80891463133744
17.5537768884442,1,5.8049592758708
17.6263131565783,1,5.8001050629303
17.6988494247124,1,5.79439027834774
17.7713856928464,1,5.78785295585105
17.8439219609805,1,5.78053083691691
17.9164582291146,1,5.7724613324307
17.9889944972486,1,5.76368148613921
18.0615307653827,1,5.75422793987918
18.1340670335168,1,5.74413690056362
18.2066033016508,1,5.73344410890571
18.2791395697849,1,5.72218480985887
18.351675837919,1,5.71039372475015
18.424212106053,1,5.69810502508244
18.4967483741871,1,5.68535230798002
18.5692846423212,1,5.67216857325065
18.6418209104552,1,5.65858620203613
18.7143571785893,1,5.64463693702249
18.7868934467234,1,5.63035186417962
18.8594297148574,1,5.61576139599968
18.9319659829915,1,5.60089525620237
19.0045022511256,1,5.58578246587465
19.0770385192596,1,5.57045133101173
19.1495747873937,1,5.55492943142546
19.2221110555278,1,5.5392436109858
19.2946473236618,1,5.52341996916045
19.3671835917959,1,5.50748385381733
19.43971985993,1,5.4914598552543
19.512256128064,1,5.47537180141998
19.5847923961981,1,5.45924275428959
19.6573286643322,1,5.44309500735914
19.7298649324662,1,5.42695008422163
19.8024012006003,1,5.41082873818833
19.8749374687344,1,5.3947509529185
19.9474737368684,1,5.37873594402089
20.0200100050025,1,5.36280216159018
20.0925462731366,1,5.3469672936419
20.1650825412706,1,5.3312482704094
20.2376188094047,1,5.31566126946646
20.3101550775388,1,5.30022172163976
20.3826913456728,1,5.28494431767523
20.4552276138069,1,5.2698430156229
20.527763881941,1,5.25493104890513
20.600300150075,1,5.24022093503345
20.6728364182091,1,5.2257244849396
20.7453726863432,1,5.21145281288695
20.8179089544772,1,5.19741634692869
20.8904452226113,1,5.18362483987989
20.9629814907454,1,5.17008738077097
21.0355177588794,1,5.15681240675054
21.1080540270135,1,5.14380771540642
21.1805902951476,1,5.13108047747372
21.2531265632816,1,5.11863724990015
21.3256628314157,1,5.10648398923867
21.3981990995498,1,5.09462606533864
21.4707353676838,1,5.08306827530717
21.5432716358179,1,5.07181485771296
21.615807903952,1,5.06086950700567
21.688344172086,1,5.05023538812455
21.7608804402201,1,5.03991515127063
21.8334167083542,1,5.02991094681766
21.9059529764882,1,5.02022444033758
21.9784892446223,1,5.01085682771692
22.0510255127564,1,5.00180885034159
22.1235617808904,1,4.99308081032774
22.1960980490245,1,4.98467258577764
22.2686343171586,1,4.97658364603974
22.3411705852926,1,4.96881306695325
22.4137068534267,1,4.96135954605801
22.4862431215608,1,4.95422141775118
22.5587793896949,1,4.94739666837321
22.6313156578289,1,4.94088295120601
22.703851925963,1,4.93467760136713
22.7763881940971,1,4.92877765058438
22.8489244622311,1,4.92317984183606
22.9214607303652,1,4.91788064384278
22.9939969984993,1,4.91287626539727
23.0665332666333,1,4.90816266951956
23.1390695347674,1,4.90373558742542
23.2116058029015,1,4.89959053229673
23.2841420710355,1,4.89572281284295
23.3566783391696,1,4.89212754664364
23.4292146073037,1,4.88879967326271
23.5017508754377,1,4.88573396712543
23.5742871435718,1,4.88292505015006
23.6468234117059,1,4.88036740412667
23.7193596798399,1,4.87805538283591
23.791895947974,1,4.87598322390154
23.8644322161081,1,4.87414506037086
23.9369684842421,1,4.87253493201767
24.0095047523762,1,4.87114679636318
24.0820410205103,1,4.86997453941056
24.1545772886443,1,4.86901198608958
24.2271135567784,1,4.86825291040807
24.2996498249125,1,4.8676910453076
24.3721860930465,1,4.86732009222114
24.4447223611806,1,4.86713373033102
24.5172586293147,1,4.86712562552587
24.5897948974487,1,4.86728943905566
24.6623311655828,1,4.86761883588451
24.7348674337169,1,4.86810749274117
24.8074037018509,1,4.86874910586752
24.879939969985,1,4.86953739846597
24.9524762381191,1,4.87046612784665
25.0250125062531,1,4.87152909227607
25.0975487743872,1,4.87272013752892
25.1700850425213,1,4.87403316314509
25.2426213106553,1,4.87546212839445
25.3151575787894,1,4.87700105795196
25.3876938469235,1,4.87864404728622
25.4602301150575,1,4.88038526776459
25.5327663831916,1,4.8822189714785
25.6053026513257,1,4.88413949579253
25.6778389194597,1,4.88614126762143
25.7503751875938,1,4.88821880743904
25.8229114557279,1,4.89036673302361
25.8954477238619,1,4.89257976294405
25.967983991996,1,4.89485271979173
26.0405202601301,1,4.89718053316295
26.1130565282641,1,4.89955824239683
26.1855927963982,1,4.90198099907401
26.2581290645323,1,4.90444406928132
26.3306653326663,1,4.90694283564796
26.4032016008004,1,4.9094727991585
26.4757378689345,1,4.91202958074855
26.5482741370685,1,4.91460892268859
26.6208104052026,1,4.91720668976178
26.6933466733367,1,4.91981887024163
26.7658829414707,1,4.92244157667528
26.8384192096048,1,4.92507104647837
26.9109554777389,1,4.92770364234747
26.9834917458729,1,4.93033585249597
27.056028014007,1,4.93296429071942
27.1285642821411,1,4.9355856962964
27.2011005502751,1,4.93819693373075
27.2736368184092,1,4.94079499234132
27.3461730865433,1,4.94337698570504
27.4187093546773,1,4.94594015095938
27.4912456228114,1,4.94848184797001
27.5637818909455,1,4.95099955836963
27.6363181590795,1,4.95349088447371
27.7088544272136,1,4.95595354807898
27.7813906953477,1,4.95838538915042
27.8539269634817,1,4.96078436440234
27.9264632316158,1,4.96314854577919
27.9989994997499,1,4.96547611884171
28.0715357678839,1,4.96776538106372
28.144072036018,1,4.97001474004507
28.2166083041521,1,4.97222271164603
28.2891445722861,1,4.97438791804819
28.3616808404202,1,4.9765090857472
28.4342171085543,1,4.97858504348221
28.5067533766883,1,4.98061472010701
28.5792896448224,1,4.98259714240767
28.6518259129565,1,4.98453143287146
28.7243621810905,1,4.98641680741153
28.7968984492246,1,4.98825257305209
28.8694347173587,1,4.99003812557822
28.9419709854928,1,4.99177294715482
29.0145072536268,1,4.99345660391881
29.0870435217609,1,4.99508874354854
29.159579789895,1,4.99666909281455
29.232116058029,1,4.99819745511533
29.3046523261631,1,4.99967370800192
29.3771885942972,1,5.00109780069488
29.4497248624312,1,5.00246975159713
29.5222611305653,1,5.00378964580602
29.5947973986994,1,5.00505763262788
29.6673336668334,1,5.00627392309814
29.7398699349675,1,5.00743878751004
29.8124062031016,1,5.00855255295486
29.8849424712356,1,5.00961560087637
29.9574787393697,1,5.01062836464218
30.0300150075038,1,5.01159132713455
30.1025512756378,1,5.01250501836299
30.1750875437719,1,5.01337001310114
30.247623811906,1,5.01418692854987
30.32016008004,1,5.0149564220289
30.3926963481741,1,5.0156791886988
30.4652326163082,1,5.01635595931523
30.5377688844422,1,5.01698749801721
30.6103051525763,1,5.01757460015106
30.6828414207104,1,5.01811809013151
30.7553776888444,1,5.01861881934147
30.8279139569785,1,5.01907766407177
30.9004502251126,1,5.01949552350207
30.9729864932466,1,5.0198733177242
31.0455227613807,1,5.02021198580884
31.1180590295148,1,5.02051248391653
31.1905952976488,1,5.02077578345393
31.2631315657829,1,5.02100286927607
31.335667833917,1,5.02119473793519
31.408204102051,1,5.02135239597692
31.4807403701851,1,5.0214768582842
31.5532766383192,1,5.02156914646944
31.6258129064532,1,5.02163028731521
31.6983491745873,1,5.02166131126385
31.7708854427214,1,5.02166325095612
31.8434217108554,1,5.02163713981909
31.9159579789895,1,5.02158401070322
31.9884942471236,1,5.02150489456887
32.0610305152576,1,5.02140081922194
32.1335667833917,1,5.02127280809862
32.2061030515258,1,5.02112187909911
32.2786393196598,1,5.02094904347002
32.3511755877939,1,5.02075530473514
32.423711855928,1,5.02054165767433
32.496248124062,1,5.02030908735001
32.5687843921961,1,5.02005856818089
32.6413206603302,1,5.0197910630625
32.7138569284642,1,5.01950752253385
32.7863931965983,1,5.0192088839898
32.8589294647324,1,5.01889607093839
32.9314657328664,1,5.0185699923026
33.0040020010005,1,5.01823154176587
33.0765382691346,1,5.01788159716051
33.1490745372686,1,5.01752101989844
33.2216108054027,1,5.0171506544434
33.2941470735368,1,5.01677132782385
33.3666833416708,1,5.01638384918573
33.4392196098049,1,5.01598900938428
33.511755877939,1,5.01558758061398
33.584292146073,1,5.01518031607578
33.6568284142071,1,5.01476794968077
33.7293646823412,1,5.01435119578926
33.8019009504752,1,5.01393074898444
33.8744372186093,1,5.01350728387962
33.9469734867434,1,5.01308145495817
34.0195097548774,1,5.01265389644511
34.0920460230115,1,5.0122252222095
34.1645822911456,1,5.01179602569656
34.2371185592796,1,5.01136687988857
34.3096548274137,1,5.01093833729368
34.3821910955478,1,5.01051092996144
34.4547273636818,1,5.01008516952434
34.5272636318159,1,5.0096615472641
34.59979989995,1,5.00924053420201
34.672336168084,1,5.00882258121216
34.7448724362181,1,5.00840811915664
34.8174087043522,1,5.00799755904183
34.8899449724863,1,5.00759129219476
34.9624812406203,1,5.00718969045854
35.0350175087544,1,5.00679310640607
35.1075537768884,1,5.00640187357104
35.1800900450225,1,5.00601630669521
35.2526263131566,1,5.00563670199122
35.3251625812907,1,5.00526333741997
35.3976988494247,1,5.00489647298168
35.4702351175588,1,5.00453635101976
35.5427713856928,1,5.00418319653674
35.6153076538269,1,5.00383721752122
35.687843921961,1,5.00349860528532
35.7603801900951,1,5.00316753481147
35.8329164582291,1,5.00284416510806
35.9054527263632,1,5.00252863957305
35.9779889944973,1,5.00222108636471
36.0505252626313,1,5.00192161877895
36.1230615307654,1,5.00163033563231
36.1955977988995,1,5.00134732165006
36.2681340670335,1,5.00107264785869
36.3406703351676,1,5.00080637198209
36.4132066033017,1,5.00054853884078
36.4857428714357,1,5.00029918075365
36.5582791395698,1,5.00005831794147
36.6308154077039,1,4.9998259589317
36.7033516758379,1,4.99960210096399
36.775887943972,1,4.99938673039575
36.8484242121061,1,4.99917982310745
36.9209604802401,1,4.99898134490686
36.9934967483742,1,4.99879125193206
37.0660330165083,1,4.99860949105249
37.1385692846423,1,4.99843600026768
37.2111055527764,1,4.9982707091033
37.2836418209105,1,4.99811353900403
37.3561780890445,1,4.99796440372281
37.4287143571786,1,4.99782320970623
37.5012506253127,1,4.99768985647563
37.5737868934467,1,4.99756423700352
37.6463231615808,1,4.99744623808512
37.7188594297149,1,4.99733574070455
37.7913956978489,1,4.99723262039561
37.863931965983,1,4.99713674759662
37.9364682341171,1,4.9970479879993
38.0090045022511,1,4.99696620289131
38.0815407703852,1,4.99689124949229
38.1540770385193,1,4.99682298128314
38.2266133066533,1,4.99676124832851
38.2991495747874,1,4.9967058975921
38.3716858429215,1,4.99665677324479
38.4442221110555,1,4.99661371696541
38.5167583791896,1,4.99657656823399
38.5892946473237,1,4.99654516461743
38.6618309154577,1,4.9965193420474
38.7343671835918,1,4.9964989350906
38.8069034517259,1,4.99648377721098
38.8794397198599,1,4.99647370102415
38.951975987994,1,4.99646853854382
39.0245122561281,1,4.99646812142022
39.0970485242621,1,4.99647228117048
39.1695847923962,1,4.99648084940099
39.2421210605303,1,4.99649365802176
39.3146573286643,1,4.9965105394527
39.3871935967984,1,4.99653132682192
39.4597298649325,1,4.99655585415605
39.5322661330665,1,4.99658395656262
39.6048024012006,1,4.99661547040455
39.6773386693347,1,4.99665023346677
39.7498749374687,1,4.99668808511515
39.8224112056028,1,4.99672886644764
39.8949474737369,1,4.99677242043784
39.9674837418709,1,4.99681859207099
40.040020010005,-1,4.9946948093116
40.1125562781391,-1,4.98187021760176
40.1850925462731,-1,4.95660914817743
40.2576288144072,-1,4.91938719647063
40.3301650825413,-1,4.87067846749674
40.4027013506753,-1,4.81095501655407
40.4752376188094,-1,4.74068631249234
40.5477738869435,-1,4.66033872343951
40.6203101550775,-1,4.57037502485121
40.6928464232116,-1,4.47125392972322
40.7653826913457,-1,4.36342964078426
40.8379189594797,-1,4.24735142446484
40.9104552276138,-1,4.1234632064165
40.9829914957479,-1,3.99220318833666
41.0555277638819,-1,3.85400348583489
41.128064032016,-1,3.70928978705901
41.2006003001501,-1,3.55848103178247
41.2731365682841,-1,3.40198911063884
41.3456728364182,-1,3.24021858417416
41.4182091045523,-1,3.0735664213742
41.4907453726864,-1,2.90242175731079
41.5632816408204,-1,2.72716566953914
41.6358179089545,-1,2.54817097286719
41.7083541770885,-1,2.36580203210763
41.7808904452226,-1,2.18041459241402
41.8534267133567,-1,1.99235562679374
41.9259629814908,-1,1.80196320038305
41.9984992496248,-1,1.60956635106236
42.0710355177589,-1,1.41548498598412
42.1435717858929,-1,1.22002979358
42.216108054027,-1,1.02350217060984
42.2886443221611,-1,0.826194163810627
42.3611805902952,-1,0.628388425701141
42.4337168584292,-1,0.430358184094832
42.5062531265633,-1,0.232367224872269
42.5787893946974,-1,0.0346698875630413
42.6513256628314,-1,-0.162488926713434
42.7238619309655,-1,-0.358873735398628
42.7963981990996,-1,-0.554258443186969
42.8689344672336,-1,-0.748426299707817
42.9414707353677,-1,-0.941169846644183
43.0140070035018,-1,-1.13229085473274
43.0865432716358,-1,-1.32160025108688
43.1590795397699,-1,-1.50891803728148
43.231615807904,-1,-1.69407319863402
43.304152076038,-1,-1.87690360511307
43.3766883441721,-1,-2.05725590430016
43.4492246123062,-1,-2.23498540682639
43.5217608804402,-1,-2.40995596469986
43.5942971485743,-1,-2.5820398429342
43.6668334167084,-1,-2.75111758488266
43.7393696848424,-1,-2.91707787167596
43.8119059529765,-1,-3.07981737615532
43.8844422211106,-1,-3.23924061168561
43.9569784892446,-1,-3.39525977622612
44.0295147573787,-1,-3.54779459202928
44.1020510255128,-1,-3.69677214133021
44.1745872936468,-1,-3.84212669838207
44.2471235617809,-1,-3.98379955818428
44.319659829915,-1,-4.12173886224272
44.392196098049,-1,-4.25589942169261
44.4647323661831,-1,-4.38624253810656
44.5372686343172,-1,-4.51273582230156
44.6098049024512,-1,-4.6353530114504
44.6823411705853,-1,-4.75407378479395
44.7548774387194,-1,-4.8688835782424
44.8274137068534,-1,-4.97977339814429
44.8999499749875,-1,-5.08673963449363
44.9724862431216,-1,-5.18978387383643
45.0450225112556,-1,-5.28891271212891
45.1175587793897,-1,-5.3841375677909
45.1900950475238,-1,-5.475474495189
45.2626313156578,-1,-5.56294399877493
45.3351675837919,-1,-5.64657084809608
45.407703851926,-1,-5.72638389388581
45.48024012006,-1,-5.80241588543295
45.5527763881941,-1,-5.87470328942046
45.6253126563282,-1,-5.9432861104153
45.6978489244622,-1,-6.00820771318223
45.7703851925963,-1,-6.06951464698632
45.8429214607304,-1,-6.12725647204012
45.9154577288644,-1,-6.18148558824343
45.9879939969985,-1,-6.23225706635508
46.0605302651326,-1,-6.27962848172821
46.1330665332666,-1,-6.32365975073258
46.2056028014007,-1,-6.36441296997936
46.2781390695348,-1,-6.40195225845636
46.3506753376688,-1,-6.43634360267385
46.4232116058029,-1,-6.46765470491388
46.495747873937,-1,-6.49595483466842
46.568284142071,-1,-6.52131468334475
46.6408204102051,-1,-6.54380622230935
46.7133566783392,-1,-6.56350256433473
46.7858929464732,-1,-6.58047782850704
46.8584292146073,-1,-6.59480700864548
46.9309654827414,-1,-6.6065658452787
47.0035017508754,-1,-6.61583070121654
47.0760380190095,-1,-6.62267844075002
47.1485742871436,-1,-6.6271863125062
47.2211105552776,-1,-6.62943183597913
47.2936468234117,-1,-6.62949269175258
47.3661830915458,-1,-6.6274466154247
47.4387193596798,-1,-6.62337129523985
47.5112556278139,-1,-6.61734427342783
47.583791895948,-1,-6.60944285124577
47.656328164082,-1,-6.59974399771362
47.7288644322161,-1,-6.58832426202938
47.8014007003502,-1,-6.57525968964628
47.8739369684842,-1,-6.56062574198977
47.9464732366183,-1,-6.54449721978851
48.0190095047524,-1,-6.52694818998947
48.0915457728865,-1,-6.50805191622413
48.1640820410205,-1,-6.48788079278881
48.2366183091546,-1,-6.46650628209957
48.3091545772886,-1,-6.44399885557844
48.3816908454227,-1,-6.42042793792525
48.4542271135568,-1,-6.39586185472638
48.5267633816909,-1,-6.37036778334939
48.5992996498249,-1,-6.3440117070697
48.671835917959,-1,-6.31685837237367
48.744372186093,-1,-6.28897124937992
48.8169084542271,-1,-6.26041249531906
48.8894447223612,-1,-6.23124292101004
48.9619809904953,-1,-6.20152196026962
49.0345172586293,-1,-6.17130764219012
49.1070535267634,-1,-6.14065656621897
49.1795897948975,-1,-6.10962387997255
49.2521260630315,-1,-6.07826325971554
49.3246623311656,-1,-6.04662689343604
49.3971985992997,-1,-6.01476546644593
49.4697348674337,-1,-5.98272814943503
49.5422711355678,-1,-5.95056258890717
49.6148074037019,-1,-5.91831489992568
49.6873436718359,-1,-5.8860296610953
49.75987993997,-1,-5.85374991170753
49.8324162081041,-1,-5.82151715097587
49.9049524762381,-1,-5.78937133928755
49.9774887443722,-1,-5.75735090139844
50.0500250125063,-1,-5.72549273149758
50.1225612806403,-1,-5.6938322000683
50.1950975487744,-1,-5.6624031624732
50.2676338169085,-1,-5.63123796919026
50.3401700850425,-1,-5.6003674776282
50.4127063531766,-1,-5.5698210654496
50.4852426213107,-1,-5.53962664533075
50.5577788894447,-1,-5.50981068108808
50.6303151575788,-1,-5.48039820510164
50.7028514257129,-1,-5.45141283696696
50.7753876938469,-1,-5.42287680330731
50.847923961981,-1,-5.39481095867967
50.9204602301151,-1,-5.36723480750825
50.9929964982491,-1,-5.34016652698066
51.0655327663832,-1,-5.31362299084299
51.1380690345173,-1,-5.28761979403094
51.2106053026513,-1,-5.26217127807537
51.2831415707854,-1,-5.23729055722199
51.3556778389195,-1,-5.21298954520599
51.4282141070535,-1,-5.18927898262353
51.5007503751876,-1,-5.16616846484378
51.5732866433217,-1,-5.14366647040589
51.6458229114557,-1,-5.12178038984717
51.7183591795898,-1,-5.10051655490978
51.7908954477239,-1,-5.07988026807468
51.8634317158579,-1,-5.05987583237319
51.935967983992,-1,-5.0405065814276
52.0085042521261,-1,-5.02177490967396
52.0810405202601,-1,-5.00368230272151
52.1535767883942,-1,-4.98622936780465
52.2261130565283,-1,-4.96941586428483
52.2986493246623,-1,-4.9532407341612
52.3711855927964,-1,-4.93770213255026
52.4437218609305,-1,-4.92279745809628
52.5162581290645,-1,-4.90852338327568
52.5887943971986,-1,-4.89487588455997
52.6613306653327,-1,-4.8818502724033
52.7338669334667,-1,-4.86944122102229
52.8064032016008,-1,-4.85764279793683
52.8789394697349,-1,-4.84644849324244
52.9514757378689,-1,-4.83585124858578
53.024012006003,-1,-4.82584348581654
53.0965482741371,-1,-4.8164171352902
53.1690845422711,-1,-4.8075636637975
53.2416208104052,-1,-4.79927410209799
53.3141570785393,-1,-4.79153907203594
53.3866933466733,-1,-4.78434881321874
53.4592296148074,-1,-4.77769320923871
53.5317658829415,-1,-4.77156181342078
53.6043021510755,-1,-4.76594387407977
53.6768384192096,-1,-4.76082835927189
53.7493746873437,-1,-4.75620398102672
53.8219109554777,-1,-4.75205921904678
53.8944472236118,-1,-4.748382343863
53.9669834917459,-1,-4.74516143943571
54.0395197598799,-1,-4.74238442519147
54.112056028014,-1,-4.74003907748764
54.1845922961481,-1,-4.73811305049716
54.2571285642821,-1,-4.73659389650722
54.3296648324162,-1,-4.73546908562665
54.4022011005503,-1,-4.73472602489737
54.4747373686843,-1,-4.73435207680673
54.5472736368184,-1,-4.73433457719788
54.6198099049525,-1,-4.73466085257674
54.6923461730866,-1,-4.73531823681448
54.7648824412206,-1,-4.73629408724567
54.8374187093547,-1,-4.73757580016265
54.9099549774887,-1,-4.73915082570777
54.9824912456228,-1,-4.74100668216556
55.0550275137569,-1,-4.74313096965786
55.127563781891,-1,-4.74551138324552
55.200100050025,-1,-4.74813572544061
55.2726363181591,-1,-4.75099191813442
55.3451725862931,-1,-4.75406801394619
55.4177088544272,-1,-4.75735220699894
55.4902451225613,-1,-4.76083284312856
55.5627813906954,-1,-4.76449842953338
55.6353176588294,-1,-4.76833764387164
55.7078539269635,-1,-4.77233934281465
55.7803901950976,-1,-4.77649257006418
55.8529264632316,-1,-4.78078656384262
55.9254627313657,-1,-4.78521076386517
55.9979989994998,-1,-4.78975481780335
56.0705352676338,-1,-4.79440858724974
56.1430715357679,-1,-4.79916215319394
56.215607803902,-1,-4.80400582102008
56.288144072036,-1,-4.80893012503649
56.3606803401701,-1,-4.81392583254837
56.4332166083042,-1,-4.81898394748435
56.5057528764382,-1,-4.82409571358838
56.5782891445723,-1,-4.82925261718803
56.6508254127064,-1,-4.83444638955094
56.7233616808404,-1,-4.83966900884094
56.7958979489745,-1,-4.84491270168552
56.8684342171086,-1,-4.85016994436666
56.9409704852426,-1,-4.85543346364666
57.0135067533767,-1,-4.86069623724108
57.0860430215108,-1,-4.86595149395066
57.1585792896448,-1,-4.87119271346425
57.2311155577789,-1,-4.87641362584465
57.303651825913,-1,-4.88160821070942
57.376188094047,-1,-4.88677069611848
57.4487243621811,-1,-4.89189555718044
57.5212606303152,-1,-4.89697751438948
57.5937968984492,-1,-4.90201153170446
57.6663331665833,-1,-4.9069928143821
57.7388694347174,-1,-4.91191680657548
57.8114057028514,-1,-4.91677918870963
57.8839419709855,-1,-4.9215758746454
57.9564782391196,-1,-4.92630300864279
58.0290145072536,-1,-4.93095696213483
58.1015507753877,-1,-4.93553433032302
58.1740870435218,-1,-4.94003192860487
58.2466233116558,-1,-4.94444678884441
58.3191595797899,-1,-4.94877615549582
58.391695847924,-1,-4.95301748159059
58.464232116058,-1,-4.95716842459817
58.5367683841921,-1,-4.96122684217004
58.6093046523262,-1,-4.96519078777673
58.6818409204602,-1,-4.96905850624736
58.7543771885943,-1,-4.97282842922086
58.8269134567284,-1,-4.97649917051795
58.8994497248624,-1,-4.98006952144255
58.9719859929965,-1,-4.98353844602144
59.0445222611306,-1,-4.98690507619023
59.1170585292646,-1,-4.99016870693401
59.1895947973987,-1,-4.99332879139044
59.2621310655328,-1,-4.996384935923
59.3346673336668,-1,-4.99933689517176
59.4072036018009,-1,-5.00218456708898
59.479739869935,-1,-5.00492798796632
59.552276138069,-1,-5.00756732746064
59.6248124062031,-1,-5.01010288362452
59.6973486743372,-1,-5.01253507794808
59.7698849424712,-1,-5.01486445041792
59.8424212106053,-1,-5.01709165459897
59.9149574787394,-1,-5.01921745274485
59.9874937468734,-1,-5.02124271094198
60.0600300150075,-1,-5.0231683942925
60.1325662831416,-1,-5.02499556214094
60.2051025512756,-1,-5.02672536334916
60.2776388194097,-1,-5.02835903162388
60.3501750875438,-1,-5.02989788090115
60.4227113556778,-1,-5.03134330079156
60.4952476238119,-1,-5.03269675208987
60.567783891946,-1,-5.03395976235276
60.64032016008,-1,-5.0351339215477
60.7128564282141,-1,-5.03622087777636
60.7853926963482,-1,-5.03722233307508
60.8579289644822,-1,-5.03814003929541
60.9304652326163,-1,-5.03897579406692
61.0030015007504,-1,-5.03973143684476
61.0755377688844,-1,-5.04040884504388
61.1480740370185,-1,-5.04100993026204
61.2206103051526,-1,-5.04153663459307
61.2931465732867,-1,-5.04199092703211
61.3656828414207,-1,-5.04237479997419
61.4382191095548,-1,-5.04269026580719
61.5107553776888,-1,-5.04293935360044
61.5832916458229,-1,-5.04312410588963
61.655827913957,-1,-5.04324657555892
61.7283641820911,-1,-5.04330882282067
61.8009004502251,-1,-5.0433129122933
61.8734367183592,-1,-5.04326091017761
61.9459729864932,-1,-5.0431548815315
62.0185092546273,-1,-5.04299688764334
62.0910455227614,-1,-5.04278898350374
62.1635817908955,-1,-5.04253321537551
62.2361180590295,-1,-5.04223161846138
62.3086543271636,-1,-5.04188621466919
62.3811905952977,-1,-5.04149901047379
62.4537268634317,-1,-5.041071994875
62.5262631315658,-1,-5.04060713745096
62.5987993996999,-1,-5.04010638650582
62.6713356678339,-1,-5.03957166731093
62.743871935968,-1,-5.03900488043843
62.8164082041021,-1,-5.03840790018608
62.8889444722361,-1,-5.03778257309212
62.9614807403702,-1,-5.03713071653893
63.0340170085043,-1,-5.03645411744404
63.1065532766383,-1,-5.03575453103712
63.1790895447724,-1,-5.0350336797215
63.2516258129065,-1,-5.03429325201862
63.3241620810405,-1,-5.03353490159379
63.3966983491746,-1,-5.03276024636177
63.4692346173087,-1,-5.03197086767029
63.5417708854427,-1,-5.03116830955999
63.6143071535768,-1,-5.03035407809878
63.6868434217109,-1,-5.02952964078905
63.7593796898449,-1,-5.02869642604582
63.831915957979,-1,-5.02785582274387
63.9044522261131,-1,-5.02700917983217
63.9769884942471,-1,-5.02615780601353
64.0495247623812,-1,-5.02530296948777
64.1220610305153,-1,-5.0244458977562
64.1945972986493,-1,-5.02358777748573
64.2671335667834,-1,-5.02272975443055
64.3396698349175,-1,-5.02187293340946
64.4122061030515,-1,-5.02101837833679
64.4847423711856,-1,-5.02016711230522
64.5572786393197,-1,-5.0193201177182
64.6298149074537,-1,-5.01847833647032
64.7023511755878,-1,-5.01764267017358
64.7748874437219,-1,-5.01681398042756
64.8474237118559,-1,-5.01599308913173
64.91995997999,-1,-5.01518077883785
64.9924962481241,-1,-5.0143777931407
65.0650325162581,-1,-5.01358483710516
65.1375687843922,-1,-5.0128025777279
65.2101050525263,-1,-5.01203164443171
65.2826413206603,-1,-5.0112726295909
65.3551775887944,-1,-5.01052608908567
65.4277138569285,-1,-5.00979254288401
65.5002501250625,-1,-5.00907247564917
65.5727863931966,-1,-5.00836633737117
65.6453226613307,-1,-5.00767454402052
65.7178589294647,-1,-5.00699747822269
65.7903951975988,-1,-5.00633548995153
65.8629314657329,-1,-5.00568889724027
65.9354677338669,-1,-5.00505798690833
66.008004002001,-1,-5.0044430153027
66.0805402701351,-1,-5.00384420905215
66.1530765382691,-1,-5.00326176583304
66.2256128064032,-1,-5.0026958551452
66.2981490745373,-1,-5.00214661909663
66.3706853426713,-1,-5.00161417319556
66.4432216108054,-1,-5.0010986071487
66.5157578789395,-1,-5.00059998566441
66.5882941470735,-1,-5.00011834925943
66.6608304152076,-1,-4.99965371506834
66.7333666833417,-1,-4.99920607765412
66.8059029514757,-1,-4.99877540981926
66.8784392196098,-1,-4.99836166341588
66.9509754877439,-1,-4.99796477015416
67.023511755878,-1,-4.99758464240799
67.096048024012,-1,-4.99722117401686
67.1685842921461,-1,-4.99687424108316
67.2411205602801,-1,-4.99654370276396
67.3136568284142,-1,-4.99622940205653
67.3861930965483,-1,-4.99593116657669
67.4587293646823,-1,-4.99564880932933
67.5312656328164,-1,-4.99538212947041
67.6038019009505,-1,-4.99513091305961
67.6763381690845,-1,-4.99489493380316
67.7488744372186,-1,-4.99467395378614
67.8214107053527,-1,-4.99446772419372
67.8939469734868,-1,-4.99427598602076
67.9664832416208,-1,-4.99409847076936
68.0390195097549,-1,-4.99393490113375
68.111555777889,-1,-4.99378499167221
68.184092046023,-1,-4.99364844946558
68.2566283141571,-1,-4.99352497476191
68.3291645822911,-1,-4.99341426160702
68.4017008504252,-1,-4.99331599846064
68.4742371185593,-1,-4.99322986879774
68.5467733866934,-1,-4.99315555169493
68.6193096548274,-1,-4.99309272240169
68.6918459229615,-1,-4.99304105289611
68.7643821910956,-1,-4.99300021242512
68.8369184592296,-1,-4.99296986802901
68.9094547273637,-1,-4.99294968505008
68.9819909954978,-1,-4.99293932762538
69.0545272636318,-1,-4.9929384591635
69.1270635317659,-1,-4.99294674280525
69.1995997999,-1,-4.9929638418683
69.272136068034,-1,-4.99298942027579
69.3446723361681,-1,-4.99302314296885
69.4172086043022,-1,-4.99306467630313
69.4897448724362,-1,-4.99311368842938
69.5622811405703,-1,-4.99316984965812
69.6348174087044,-1,-4.99323283280861
69.7073536768384,-1,-4.99330231354207
69.7798899449725,-1,-4.99337797067939
69.8524262131066,-1,-4.99345948650347
69.9249624812406,-1,-4.99354654704627
69.9974987493747,-1,-4.99363884236084
70.0700350175088,0.5,-4.99210675240765
70.1425712856428,0.5,-4.98255194807995
70.2151075537769,0.5,-4.96367249258337
70.287643821911,0.5,-4.93582490037118
70.360180090045,0.5,-4.89936457130953
70.4327163581791,0.5,-4.85464537131834
70.5052526263132,0.5,-4.8020192299304
70.5777888944472,0.5,-4.74183575468594
70.6503251625813,0.5,-4.67444186226098
70.7228614307154,0.5,-4.60018142621009
70.7953976988494,0.5,-4.51939494118659
70.8679339669835,0.5,-4.4324192034871
70.9404702351176,0.5,-4.33958700775161
71.0130065032516,0.5,-4.24122685963541
71.0855427713857,0.5,-4.13766270425511
71.1580790395198,0.5,-4.02921367019766
71.2306153076538,0.5,-3.91619382886868
71.3031515757879,0.5,-3.79891196894463
71.375687843922,0.5,-3.67767138568214
71.448224112056,0.5,-3.55276968482747
71.5207603801901,0.5,-3.42449860085932
71.5932966483242,0.5,-3.29314382928932
71.6658329164582,0.5,-3.15898487273598
71.7383691845923,0.5,-3.02229490048042
71.8109054527264,0.5,-2.88334062120508
71.8834417208604,0.5,-2.74238216861014
71.9559779889945,0.5,-2.59967299959691
72.0285142571286,0.5,-2.45545980470186
72.1010505252626,0.5,-2.30998243046082
72.1735867933967,0.5,-2.16347381337853
72.2461230615308,0.5,-2.01615992517565
72.3186593296648,0.5,-1.86825972898212
72.3911955977989,0.5,-1.71998514614361
72.463731865933,0.5,-1.57154103330595
72.536268134067,0.5,-1.423125169441
72.6088044022011,0.5,-1.27492825247664
72.6813406703352,0.5,-1.12713390519323
72.7538769384692,0.5,-0.979918690048649
72.8264132066033,0.5,-0.833452132595046
72.8989494747374,0.5,-0.687896753150766
72.9714857428714,0.5,-0.543408106392665
73.0440220110055,0.5,-0.4001348285355
73.1165582791396,0.5,-0.258218691767229
73.1890945472736,0.5,-0.117794665611465
73.2616308154077,0.5,0.0210090151089108
73.3341670835418,0.5,0.15807077602988
73.4067033516758,0.5,0.29327562304569
73.4792396198099,0.5,0.426515056465351
73.551775887944,0.5,0.557686979838104
73.6243121560781,0.5,0.686695603755511
73.6968484242121,0.5,0.813451344933338
73.7693846923462,0.5,0.937870720871726
73.8419209604802,0.5,1.0598762403872
73.9144572286143,0.5,1.17939629030491
73.9869934967484,0.5,1.29636501859437
74.0595297648824,0.5,1.41072221422607
74.1320660330165,0.5,1.5224131840212
74.2046023011506,0.5,1.63138862676052
74.2771385692847,0.5,1.73760450481262
74.3496748374187,0.5,1.84102191353576
74.4222111055528,0.5,1.94160694870128
74.4947473736869,0.5,2.03933057218031
74.5672836418209,0.5,2.13416847612906
74.639819909955,0.5,2.22610094590168
74.7123561780891,0.5,2.31511272191303
74.7848924462231,0.5,2.40119286066722
74.8574287143572,0.5,2.48433459516109
74.9299649824912,0.5,2.56453519486527
75.0025012506253,0.5,2.6417958254787
75.0750375187594,0.5,2.71612140864577
75.1475737868935,0.5,2.78752048181876
75.2201100550275,0.5,2.8560050584412
75.2926463231616,0.5,2.92159048862153
75.3651825912957,0.5,2.98429532045943
75.4377188594297,0.5,3.04414116218072
75.5102551275638,0.5,3.10115254523016
75.5827913956979,0.5,3.15535678846475
75.6553276638319,0.5,3.20678386358387
75.727863931966,0.5,3.25546626192602
75.8004002001001,0.5,3.30143886275541
75.8729364682341,0.5,3.34473880315559
75.9454727363682,0.5,3.38540534964096
76.0180090045023,0.5,3.42347977159064
76.0905452726363,0.5,3.45900521660341
76.1630815407704,0.5,3.49202658786633
76.2356178089045,0.5,3.52259042362355
76.3081540770385,0.5,3.55074477882633
76.3806903451726,0.5,3.57653910903941
76.4532266133067,0.5,3.60002415667332
76.5257628814407,0.5,3.62125183960667
76.5982991495748,0.5,3.64027514225729
76.6708354177089,0.5,3.65714800915559
76.7433716858429,0.5,3.67192524106844
76.815907953977,0.5,3.68466239371713
76.8884442221111,0.5,3.69541567912747
76.9609804902451,0.5,3.70424186964611
77.0335167583792,0.5,3.71119820465174
77.1060530265133,0.5,3.71634229998588
77.1785892946473,0.5,3.71973206012337
77.2511255627814,0.5,3.72142559309831
77.3236618309155,0.5,3.72148112819732
77.3961980990495,0.5,3.71995693642777
77.4687343671836,0.5,3.71691125376493
77.5412706353177,0.5,3.71240220717819
77.6138069034517,0.5,3.70648774343288
77.6863431715858,0.5,3.6992255606608
77.7588794397199,0.5,3.6906730426893
77.8314157078539,0.5,3.68088719611537
77.903951975988,0.5,3.66992459010831
77.9764882441221,0.5,3.65784129892158
78.0490245122561,0.5,3.64469284709152
78.1215607803902,0.5,3.63053415729804
78.1940970485243,0.5,3.61541950085982
78.2666333166583,0.5,3.59940245083419
78.3391695847924,0.5,3.58253583768937
78.4117058529265,0.5,3.56487170751481
78.4842421210605,0.5,3.5464612827331
78.5567783891946,0.5,3.52735492527529
78.6293146573287,0.5,3.50760210217917
78.7018509254627,0.5,3.48725135356886
78.7743871935968,0.5,3.4663502629722
78.8469234617309,0.5,3.44494542993091
78.9194597298649,0.5,3.42308244485741
78.991995997999,0.5,3.4008058660906
79.0645322661331,0.5,3.37815919910194
79.1370685342671,0.5,3.35518487780225
79.2096048024012,0.5,3.33192424789827
79.2821410705353,0.5,3.30841755224781
79.3546773386693,0.5,3.28470391816085
79.4272136068034,0.5,3.26082134659404
79.4997498749375,0.5,3.23680670318484
79.5722861430715,0.5,3.21269571107151
79.6448224112056,0.5,3.18852294544458
79.7173586793397,0.5,3.1643218297751
79.7898949474737,0.5,3.14012463366495
79.8624312156078,0.5,3.11596247226406
79.9349674837419,0.5,3.09186530719964
80.0075037518759,0.5,3.06786194896217
80.08004002001,0.5,3.04398006069342
80.1525762881441,0.5,3.02024616332144
80.2251125562782,0.5,2.99668564198806
80.2976488244122,0.5,2.97332275371449
80.3701850925463,0.5,2.95018063625109
80.4427213606803,0.5,2.92728131805757
80.5152576288144,0.5,2.90464572936062
80.5877938969485,0.5,2.88229371423624
80.6603301650825,0.5,2.86024404366457
80.7328664332166,0.5,2.83851442950596
80.8054027013507,0.5,2.81712153934713
80.8779389694848,0.5,2.79608101216746
80.9504752376188,0.5,2.77540747477593
81.0230115057529,0.5,2.75511455896987
81.095547773887,0.5,2.7352149193679
81.168084042021,0.5,2.7157202518698
81.2406203101551,0.5,2.69664131269724
81.3131565782892,0.5,2.6779879379701
81.3856928464232,0.5,2.65976906377389
81.4582291145573,0.5,2.64199274667507
81.5307653826913,0.5,2.62466618464158
81.6033016508254,0.5,2.6077957383273
81.6758379189595,0.5,2.59138695267996
81.7483741870936,0.5,2.57544457883293
81.8209104552276,0.5,2.55997259624272
81.8934467233617,0.5,2.54497423503465
81.9659829914958,0.5,2.53045199852051
82.0385192596298,0.5,2.51640768585304
82.1110555277639,0.5,2.50284241478292
82.183591795898,0.5,2.48975664448546
82.256128064032,0.5,2.47715019842484
82.3286643321661,0.5,2.46502228722505
82.4012006003002,0.5,2.45337153151794
82.4737368684342,0.5,2.44219598473933
82.5462731365683,0.5,2.431493155846
82.6188094047024,0.5,2.42126003192662
82.6913456728364,0.5,2.4114931006816
82.7638819409705,0.5,2.40218837274713
82.8364182091046,0.5,2.39334140384035
82.9089544772386,0.5,2.38494731670337
82.9814907453727,0.5,2.37700082282488
83.0540270135068,0.5,2.36949624391936
83.1265632816408,0.5,2.36242753314459
83.1990995497749,0.5,2.35578829603959
83.271635817909,0.5,2.34957181116571
83.344172086043,0.5,2.34377105043492
83.4167083541771,0.5,2.33837869911007
83.4892446223112,0.5,2.33338717546313
83.5617808904452,0.5,2.32878865007796
83.6343171585793,0.5,2.32457506478564
83.7068534267134,0.5,2.32073815122066
83.7793896948474,0.5,2.31726944898785
83.8519259629815,0.5,2.31416032343008
83.9244622311156,0.5,2.31140198298839
83.9969984992496,0.5,2.30898549614627
84.0695347673837,0.5,2.30690180795135
84.1420710355178,0.5,2.3051417561079
84.2146073036518,0.5,2.30369608663493
84.2871435717859,0.5,2.30255546908491
84.35967983992,0.5,2.30171051131923
84.432216108054,0.5,2.30115177383707
84.5047523761881,0.5,2.30086978365508
84.5772886443222,0.5,2.3008550477359
84.6498249124562,0.5,2.30109806596432
84.7223611805903,0.5,2.3015893436704
84.7948974487244,0.5,2.30231940369944
84.8674337168584,0.5,2.30327879802953
84.9399699849925,0.5,2.30445811893751
85.0125062531266,0.5,2.30584800971536
85.0850425212606,0.5,2.3074391749388
85.1575787893947,0.5,2.30922239029112
85.2301150575288,0.5,2.31118851194522
85.3026513256628,0.5,2.31332848550746
85.3751875937969,0.5,2.31563335452749
85.447723861931,0.5,2.31809426857842
85.520260130065,0.5,2.32070249091231
85.5927963981991,0.5,2.32344940569603
85.6653326663332,0.5,2.32632652483333
85.7378689344672,0.5,2.32932549437886
85.8104052026013,0.5,2.33243810055043
85.8829414707354,0.5,2.3356562753462
85.9554777388694,0.5,2.33897210177333
86.0280140070035,0.5,2.34237781869547
86.1005502751376,0.5,2.34586582530622
86.1730865432716,0.5,2.34942868523615
86.2456228114057,0.5,2.35305913030119
86.3181590795398,0.5,2.3567500639002
86.3906953476738,0.5,2.36049456406995
86.4632316158079,0.5,2.3642858862057
86.535767883942,0.5,2.36811746545574
86.608304152076,0.5,2.37198291879855
86.6808404202101,0.5,2.37587604681105
86.7533766883442,0.5,2.37979083513671
86.8259129564783,0.5,2.38372145566236
86.8984492246123,0.5,2.38766226741251
86.9709854927464,0.5,2.39160781717006
87.0435217608804,0.5,2.39555283983246
87.1160580290145,0.5,2.39949225851211
87.1885942971486,0.5,2.40342118439014
87.2611305652826,0.5,2.40733491633242
87.3336668334167,0.5,2.4112289402769
87.4062031015508,0.5,2.41509892840103
87.4787393696849,0.5,2.41894073807839
87.5512756378189,0.5,2.42275041063317
87.623811905953,0.5,2.42652416990148
87.6963481740871,0.5,2.43025842060812
87.7688844422211,0.5,2.43394974656755
87.8414207103552,0.5,2.43759490871757
87.9139569784893,0.5,2.44119084299429
87.9864932466233,0.5,2.44473465805676
88.0590295147574,0.5,2.44822363286949
88.1315657828914,0.5,2.45165521415113
88.2041020510255,0.5,2.45502701369738
88.2766383191596,0.5,2.45833680558596
88.3491745872937,0.5,2.46158252327154
88.4217108554277,0.5,2.46476225657832
88.4942471235618,0.5,2.46787424859771
88.5667833916959,0.5,2.47091689249856
88.6393196598299,0.5,2.47388872825713
88.711855927964,0.5,2.47678843931394
88.7843921960981,0.5,2.47961484916435
88.8569284642321,0.5,2.48236691788974
88.9294647323662,0.5,2.48504373863571
89.0020010005003,0.5,2.48764453404397
89.0745372686343,0.5,2.49016865264396
89.1470735367684,0.5,2.49261556521044
89.2196098049025,0.5,2.49498486109288
89.2921460730365,0.5,2.4972762445225
89.3646823411706,0.5,2.49948953090233
89.4372186093047,0.5,2.50162464308598
89.5097548774387,0.5,2.50368160765002
89.5822911455728,0.5,2.50566055116523
89.6548274137069,0.5,2.5075616964715
89.7273636818409,0.5,2.50938535896104
89.799899949975,0.5,2.51113194287442
89.8724362181091,0.5,2.51280193761382
89.9449724862431,0.5,2.51439591407759
90.0175087543772,0.5,2.51591452102002
90.0900450225113,0.5,2.51735848144032
90.1625812906453,0.5,2.51872858900424
90.2351175587794,0.5,2.52002570450192
90.3076538269135,0.5,2.52125075234512
90.3801900950475,0.5,2.52240471710716
90.4527263631816,0.5,2.52348864010827
90.5252626313157,0.5,2.52450361604936
90.5977988994497,0.5,2.52545078969665
90.6703351675838,0.5,2.52633135261983
90.7428714357179,0.5,2.52714653998584
90.8154077038519,0.5,2.52789762741059
90.887943971986,0.5,2.52858592787057
90.9604802401201,0.5,2.5292127886762
91.0330165082541,0.5,2.52977958850863
91.1055527763882,0.5,2.53028773452159
91.1780890445223,0.5,2.53073865950961
91.2506253126563,0.5,2.5311338191441
91.3231615807904,0.5,2.53147468927826
91.3956978489245,0.5,2.53176276332189
91.4682341170585,0.5,2.53199954968709
91.5407703851926,0.5,2.53218656930555
91.6133066533267,0.5,2.53232535321804
91.6858429214607,0.5,2.5324174402368
91.7583791895948,0.5,2.53246437468103
91.8309154577289,0.5,2.53246770418605
91.9034517258629,0.5,2.53242897758613
91.975987993997,0.5,2.5323497428712
92.0485242621311,0.5,2.53223154521747
92.1210605302651,0.5,2.53207592509172
92.1935967983992,0.5,2.53188441642935
92.2661330665333,0.5,2.53165854488564
92.3386693346673,0.5,2.53139982616003
92.4112056028014,0.5,2.53110976439296
92.4837418709355,0.5,2.53078985063474
92.5562781390695,0.5,2.53044156138583
92.6288144072036,0.5,2.53006635720796
92.7013506753377,0.5,2.52966568140526
92.7738869434717,0.5,2.52924095877468
92.8464232116058,0.5,2.52879359442483
92.9189594797399,0.5,2.52832497266229
92.9914957478739,0.5,2.5278364559445
93.064032016008,0.5,2.52732938389814
93.1365682841421,0.5,2.52680507240196
93.2091045522761,0.5,2.52626481273297
93.2816408204102,0.5,2.52570987077481
93.3541770885443,0.5,2.52514148628712
93.4267133566784,0.5,2.52456087223467
93.4992496248124,0.5,2.523969214175
93.5717858929465,0.5,2.52336766970328
93.6443221610805,0.5,2.52275736795303
93.7168584292146,0.5,2.52213940915146
93.7893946973487,0.5,2.52151486422786
93.8619309654827,0.5,2.52088477447394
93.9344672336168,0.5,2.52025015125439
94.0070035017509,0.5,2.51961197576656
94.079539769885,0.5,2.5189711988475
94.152076038019,0.5,2.51832874082727
94.2246123061531,0.5,2.51768549142671
94.2971485742872,0.5,2.51704230969851
94.3696848424212,0.5,2.51640002400992
94.4422211105553,0.5,2.51575943206576
94.5147573786894,0.5,2.51512130097018
94.5872936468234,0.5,2.51448636732577
94.6598299149575,0.5,2.51385533736852
94.7323661830915,0.5,2.5132288871372
94.8049024512256,0.5,2.51260766267573
94.8774387193597,0.5,2.51199228026707
94.9499749874938,0.5,2.5113833266972
95.0225112556278,0.5,2.51078135954786
95.0950475237619,0.5,2.5101869075165
95.167583791896,0.5,2.50960047076223
95.24012006003,0.5,2.50902252127624
95.3126563281641,0.5,2.50845350327544
95.3851925962982,0.5,2.50789383361797
95.4577288644322,0.5,2.50734390223922
95.5302651325663,0.5,2.5068040726071
95.6028014007004,0.5,2.5062746821953
95.6753376688344,0.5,2.50575604297323
95.7478739369685,0.5,2.50524844191153
95.8204102051026,0.5,2.50475214150175
95.8929464732366,0.5,2.50426738028926
95.9654827413707,0.5,2.50379437341801
96.0380190095048,0.5,2.50333331318617
96.1105552776388,0.5,2.50288436961148
96.1830915457729,0.5,2.50244769100521
96.255627813907,0.5,2.50202340455378
96.328164082041,0.5,2.50161161690688
96.4007003501751,0.5,2.50121241477119
96.4732366183092,0.5,2.50082586550874
96.5457728864432,0.5,2.50045201773893
96.6183091545773,0.5,2.50009090194328
96.6908454227114,0.5,2.49974253107214
96.7633816908454,0.5,2.49940690115235
96.8359179589795,0.5,2.49908399189519
96.9084542271136,0.5,2.49877376730373
96.9809904952476,0.5,2.49847617627876
97.0535267633817,0.5,2.4981911532228
97.1260630315158,0.5,2.49791861864117
97.1985992996498,0.5,2.4976584797397
97.2711355677839,0.5,2.49741063101827
97.343671835918,0.5,2.49717495485966
97.416208104052,0.5,2.49695132211307
97.4887443721861,0.5,2.49673959267173
97.5612806403202,0.5,2.49653961604412
97.6338169084542,0.5,2.49635123191823
97.7063531765883,0.5,2.49617427071842
97.7788894447224,0.5,2.49600855415443
97.8514257128564,0.5,2.49585389576204
97.9239619809905,0.5,2.49571010143511
97.9964982491246,0.5,2.49557696994842
98.0690345172586,0.5,2.49545429347123
98.1415707853927,0.5,2.49534185807097
98.2141070535268,0.5,2.49523944420691
98.2866433216608,0.5,2.49514682721349
98.3591795897949,0.5,2.49506377777305
98.431715857929,0.5,2.49499006237773
98.504252126063,0.5,2.49492544378035
98.5767883941971,0.5,2.49486968143401
98.6493246623312,0.5,2.49482253192036
98.7218609304652,0.5,2.49478374936627
98.7943971985993,0.5,2.49475308584887
98.8669334667334,0.5,2.49473029178877
98.9394697348674,0.5,2.49471511633145
99.0120060030015,0.5,2.49470730771672
99.0845422711356,0.5,2.49470661363612
99.1570785392696,0.5,2.49471278157839
99.2296148074037,0.5,2.49472555916283
99.3021510755378,0.5,2.49474469446065
99.3746873436718,0.5,2.49476993630429
99.4472236118059,0.5,2.49480103458473
99.51975987994,0.5,2.49483774053682
99.592296148074,0.5,2.49487980701276
99.6648324162081,0.5,2.49492698874374
99.7373686843422,0.5,2.49497904258978
99.8099049524762,0.5,2.49503572777798
99.8824412206103,0.5,2.49509680612921
99.9549774887444,0.5,2.49516204227339
100.027513756878,0.5,2.49523120385342
100.100050025013,0.5,2.495304061718
100.172586293147,0.5,2.49538039010345
100.245122561281,0.5,2.49545996680467
100.317658829415,0.5,2.49554257333535
100.390195097549,0.5,2.4956279950778
100.462731365683,0.5,2.49571602142229
100.535267633817,0.5,2.49580644589641
100.607803901951,0.5,2.49589906628434
100.680340170085,0.5,2.49599368473646
100.752876438219,0.5,2.4960901078694
100.825412706353,0.5,2.49618814685671
100.897948974487,0.5,2.49628761751049
100.970485242621,0.5,2.49638834035406
101.043021510755,0.5,2.49649014068599
101.115557778889,0.5,2.49659284863564
101.188094047024,0.5,2.49669629921058
101.260630315158,0.5,2.49680033233586
101.333166583292,0.5,2.49690479288571
101.405702851426,0.5,2.49700953070756
101.47823911956,0.5,2.4971144006389
101.550775387694,0.5,2.49721926251701
101.623311655828,0.5,2.49732398118195
101.695847923962,0.5,2.49742842647291
101.768384192096,0.5,2.49753247321832
101.84092046023,0.5,2.49763600121978
101.913456728364,0.5,2.49773889523023
101.985992996498,0.5,2.4978410449264
102.058529264632,0.5,2.49794234487596
102.131065532766,0.5,2.4980426944995
102.2036018009,0.5,2.49814199802759
102.276138069035,0.5,2.49824016445315
102.348674337169,0.5,2.49833710747937
102.421210605303,0.5,2.49843274546343
102.493746873437,0.5,2.49852700135616
102.566283141571,0.5,2.49861980263797
102.638819409705,0.5,2.49871108125116
102.711355677839,0.5,2.49880077352891
102.783891945973,0.5,2.49888882012115
102.856428214107,0.5,2.49897516591742
102.928964482241,0.5,2.49905975996706
103.001500750375,0.5,2.49914255539688
103.074037018509,0.5,2.49922350932645
103.146573286643,0.5,2.49930258278128
103.219109554777,0.5,2.49937974060402
103.291645822911,0.5,2.49945495136395
103.364182091046,0.5,2.49952818726481
103.43671835918,0.5,2.49959942405126
103.509254627314,0.5,2.49966864091408
103.581790895448,0.5,2.49973582039432
103.654327163582,0.5,2.49980094828652
103.726863431716,0.5,2.49986401354114
103.79939969985,0.5,2.49992500816648
103.871935967984,0.5,2.49998392713005
103.944472236118,0.5,2.50004076825965
104.017008504252,0.5,2.50009553214436
104.089544772386,0.5,2.50014822203537
104.16208104052,0.5,2.50019884374698
104.234617308654,0.5,2.50024740555781
104.307153576788,0.5,2.50029391811229
104.379689844922,0.5,2.50033839432272
104.452226113057,0.5,2.50038084927172
104.524762381191,0.5,2.50042130011552
104.597298649325,0.5,2.50045976598791
104.669834917459,0.5,2.50049626790507
104.742371185593,0.5,2.50053082867143
104.814907453727,0.5,2.50056347278648
104.887443721861,0.5,2.50059422635273
104.959979989995,0.5,2.50062311698496
105.032516258129,0.5,2.50065017372063
105.105052526263,0.5,2.50067542693174
105.177588794397,0.5,2.50069890823802
105.250125062531,0.5,2.50072065042169
105.322661330665,0.5,2.5007406873437
105.395197598799,0.5,2.50075905386153
105.467733866933,0.5,2.50077578574874
105.540270135068,0.5,2.50079091961608
105.612806403202,0.5,2.50080449283439
105.685342671336,0.5,2.50081654345928
105.75787893947,0.5,2.50082711015756
105.830415207604,0.5,2.50083623213555
105.902951475738,0.5,2.50084394906918
105.975487743872,0.5,2.50085030103607
106.048024012006,0.5,2.50085532844939
106.12056028014,0.5,2.50085907199379
106.193096548274,0.5,2.5008615725631
106.265632816408,0.5,2.50086287120011
106.338169084542,0.5,2.50086300903822
106.410705352676,0.5,2.5008620272451
106.48324162081,0.5,2.5008599669683
106.555777888944,0.5,2.50085686928279
106.628314157079,0.5,2.50085277514051
106.700850425213,0.5,2.50084772532186
106.773386693347,0.5,2.50084176038912
106.845922961481,0.5,2.50083492064185
106.918459229615,0.5,2.50082724607415
106.990995497749,0.5,2.50081877633392
107.063531765883,0.5,2.50080955068399
107.136068034017,0.5,2.50079960796506
107.208604302151,0.5,2.50078898656064
107.281140570285,0.5,2.5007777243637
107.353676838419,0.5,2.50076585874521
107.426213106553,0.5,2.50075342652449
107.498749374687,0.5,2.50074046394128
107.571285642821,0.5,2.50072700662955
107.643821910955,0.5,2.5007130895931
107.71635817909,0.5,2.50069874718274
107.788894447224,0.5,2.50068401307523
107.861430715358,0.5,2.50066892025375
107.933966983492,0.5,2.50065350099
108.006503251626,0.5,2.5006377868279
108.07903951976,0.5,2.50062180856872
108.151575787894,0.5,2.50060559625777
108.224112056028,0.5,2.50058917917251
108.296648324162,0.5,2.5005725858121
108.369184592296,0.5,2.50055584388828
108.44172086043,0.5,2.50053898031765
108.514257128564,0.5,2.50052202121522
108.586793396698,0.5,2.50050499188919
108.659329664832,0.5,2.50048791683708
108.731865932966,0.5,2.50047081974286
108.804402201101,0.5,2.50045372347543
108.876938469235,0.5,2.50043665008804
108.949474737369,0.5,2.50041962081891
109.022011005503,0.5,2.50040265609278
109.094547273637,0.5,2.50038577552356
109.167083541771,0.5,2.50036899791781
109.239619809905,0.5,2.50035234127925
109.312156078039,0.5,2.50033582281409
109.384692346173,0.5,2.5003194589372
109.457228614307,0.5,2.50030326527913
109.529764882441,0.5,2.50028725669379
109.602301150575,0.5,2.500271447267
109.674837418709,0.5,2.50025585032559
109.747373686843,0.5,2.50024047844729
109.819909954977,0.5,2.50022534347108
109.892446223112,0.5,2.50021045650829
109.964982491246,0.5,2.50019582795411
110.03751875938,0.5,2.50018146749971
110.110055027514,0.5,2.50016738414476
110.182591295648,0.5,2.50015358621049
110.255127563782,0.5,2.50014008135304
110.327663831916,0.5,2.5001268765773
110.40020010005,0.5,2.50011397825107
110.472736368184,0.5,2.50010139211948
110.545272636318,0.5,2.5000891233198
110.617808904452,0.5,2.50007717639642
110.690345172586,0.5,2.50006555531611
110.76288144072,0.5,2.50005426348346
110.835417708854,0.5,2.50004330375655
110.907953976989,0.5,2.50003267846264
110.980490245123,0.5,2.50002238941416
111.053026513257,0.5,2.50001243792465
111.125562781391,0.5,2.50000282482484
111.198099049525,0.5,2.49999355047881
111.270635317659,0.5,2.4999846148001
111.343171585793,0.5,2.49997601726786
111.415707853927,0.5,2.49996775694307
111.488244122061,0.5,2.49995983248455
111.560780390195,0.5,2.49995224216508
111.633316658329,0.5,2.49994498388738
111.705852926463,0.5,2.49993805519995
111.778389194597,0.5,2.49993145331291
111.850925462731,0.5,2.49992517511363
111.923461730865,0.5,2.49991921718225
111.995997999,0.5,2.49991357580703
112.068534267134,0.5,2.49990824699956
112.141070535268,0.5,2.49990322650975
112.213606803402,0.5,2.49989850984066
112.286143071536,0.5,2.49989409226307
112.35867933967,0.5,2.49988996882989
112.431215607804,0.5,2.49988613439029
112.503751875938,0.5,2.49988258360365
112.576288144072,0.5,2.49987931095314
112.648824412206,0.5,2.49987631075922
112.72136068034,0.5,2.49987357719268
112.793896948474,0.5,2.49987110428757
112.866433216608,0.5,2.49986888595374
112.938969484742,0.5,2.49986691598915
113.011505752876,0.5,2.49986518809182
113.084042021011,0.5,2.49986369587161
113.156578289145,0.5,2.49986243286155
113.229114557279,0.5,2.49986139252894
113.301650825413,0.5,2.49986056828615
113.374187093547,0.5,2.49985995350107
113.446723361681,0.5,2.49985954150727
113.519259629815,0.5,2.49985932561382
113.591795897949,0.5,2.49985929911482
113.664332166083,0.5,2.49985945529859
113.736868434217,0.5,2.49985978745652
113.809404702351,0.5,2.49986028889169
113.881940970485,0.5,2.49986095292702
113.954477238619,0.5,2.49986177291326
114.027013506753,0.5,2.49986274223656
114.099549774887,0.5,2.49986385432572
114.172086043022,0.5,2.49986510265922
114.244622311156,0.5,2.49986648077183
114.31715857929,0.5,2.49986798226096
114.389694847424,0.5,2.49986960079274
114.462231115558,0.5,2.49987133010769
114.534767383692,0.5,2.49987316402619
114.607303651826,0.5,2.49987509645363
114.67983991996,0.5,2.49987712138523
114.752376188094,0.5,2.49987923291061
114.824912456228,0.5,2.49988142521804
114.897448724362,0.5,2.49988369259848
114.969984992496,0.5,2.49988602944924
115.04252126063,0.5,2.49988843027747
115.115057528764,0.5,2.49989088970333
115.187593796898,0.5,2.4998934024629
115.260130065033,0.5,2.49989596341087
115.332666333167,0.5,2.49989856752297
115.405202601301,0.5,2.49990120989809
115.477738869435,0.5,2.49990388576031
115.550275137569,0.5,2.49990659046055
115.622811405703,0.5,2.49990931947806
115.695347673837,0.5,2.49991206842172
115.767883941971,0.5,2.49991483303108
115.840420210105,0.5,2.49991760917717
115.912956478239,0.5,2.49992039286323
115.985492746373,0.5,2.49992318022509
116.058029014507,0.5,2.49992596753149
116.130565282641,0.5,2.49992875118411
116.203101550775,0.5,2.49993152771755
116.275637818909,0.5,2.49993429379901
116.348174087044,0.5,2.49993704622792
116.420710355178,0.5,2.49993978193534
116.493246623312,0.5,2.49994249798322
116.565782891446,0.5,2.49994519156357
116.63831915958,0.5,2.49994785999745
116.710855427714,0.5,2.49995050073377
116.783391695848,0.5,2.49995311134815
116.855927963982,0.5,2.49995568954141
116.928464232116,0.5,2.49995823313817
117.00100050025,0.5,2.49996074008522
117.073536768384,0.5,2.49996320844982
117.146073036518,0.5,2.49996563641789
117.218609304652,0.5,2.49996802229217
117.291145572786,0.5,2.4999703644902
117.36368184092,0.5,2.49997266154232
117.436218109055,0.5,2.49997491208952
117.508754377189,0.5,2.49997711488126
117.581290645323,0.5,2.49997926877324
117.653826913457,0.5,2.49998137272507
117.726363181591,0.5,2.49998342579793
117.798899449725,0.5,2.49998542715215
117.871435717859,0.5,2.49998737604477
117.943971985993,0.5,2.49998927182707
118.016508254127,0.5,2.49999111394202
118.089044522261,0.5,2.49999290192177
118.161580790395,0.5,2.49999463538503
118.234117058529,0.5,2.49999631403455
118.306653326663,0.5,2.49999793765442
118.379189594797,0.5,2.49999950610755
118.451725862931,0.5,2.50000101933294
118.524262131066,0.5,2.50000247734315
118.5967983992,0.5,2.50000388022156
118.669334667334,0.5,2.50000522811984
118.741870935468,0.5,2.50000652125524
118.814407203602,0.5,2.50000775990802
118.886943471736,0.5,2.50000894441883
118.95947973987,0.5,2.50001007518613
119.032016008004,0.5,2.5000111526636
119.104552276138,0.5,2.50001217735757
119.177088544272,0.5,2.50001314982455
119.249624812406,0.5,2.50001407066867
119.32216108054,0.5,2.50001494053923
119.394697348674,0.5,2.50001576012823
119.467233616808,0.5,2.50001653016797
119.539769884942,0.5,2.5000172514287
119.612306153077,0.5,2.5000179247162
119.684842421211,0.5,2.50001855086953
119.757378689345,0.5,2.50001913075875
119.829914957479,0.5,2.50001966528269
119.902451225613,0.5,2.50002015536675
119.974987493747,0.5,2.50002060196079
120.047523761881,0.5,2.50002100603699
120.120060030015,0.5,2.50002136858784
120.192596298149,0.5,2.5000216906241
120.265132566283,0.5,2.50002197317286
120.337668834417,0.5,2.50002221727566
120.410205102551,0.5,2.50002242398657
120.482741370685,0.5,2.50002259437042
120.555277638819,0.5,2.50002272950105
120.627813906953,0.5,2.50002283045956
120.700350175088,0.5,2.50002289833272
120.772886443222,0.5,2.50002293421129
120.845422711356,0.5,2.50002293918853
120.91795897949,0.5,2.50002291435865
120.990495247624,0.5,2.50002286081542
121.063031515758,0.5,2.50002277965071
121.135567783892,0.5,2.5000226719532
121.208104052026,0.5,2.50002253880703
121.28064032016,0.5,2.50002238129065
121.353176588294,0.5,2.50002220047552
121.425712856428,0.5,2.50002199742506
121.498249124562,0.5,2.50002177319355
121.570785392696,0.5,2.50002152882503
121.64332166083,0.5,2.5000212653524
121.715857928964,0.5,2.50002098379644
121.788394197099,0.5,2.50002068516492
121.860930465233,0.5,2.50002037045177
121.933466733367,0.5,2.50002004063631
122.006003001501,0.5,2.50001969668247
122.078539269635,0.5,2.50001933953809
122.151075537769,0.5,2.50001897013433
122.223611805903,0.5,2.50001858938498
122.296148074037,0.5,2.50001819818596
122.368684342171,0.5,2.50001779741478
122.441220610305,0.5,2.50001738793002
122.513756878439,0.5,2.50001697057099
122.586293146573,0.5,2.50001654615723
122.658829414707,0.5,2.50001611548823
122.731365682841,0.5,2.50001567934306
122.803901950975,0.5,2.50001523848015
122.87643821911,0.5,2.50001479363696
122.948974487244,0.5,2.50001434552987
123.021510755378,0.5,2.50001389485393
123.094047023512,0.5,2.50001344228276
123.166583291646,0.5,2.50001298846845
123.23911955978,0.5,2.50001253404145
123.311655827914,0.5,2.50001207961055
123.384192096048,0.5,2.50001162576286
123.456728364182,0.5,2.50001117306383
123.529264632316,0.5,2.50001072205729
123.60180090045,0.5,2.5000102732655
123.674337168584,0.5,2.50000982718927
123.746873436718,0.5,2.50000938430806
123.819409704852,0.5,2.50000894508012
123.891945972986,0.5,2.50000850994266
123.964482241121,0.5,2.50000807931204
124.037018509255,0.5,2.50000765358397
124.109554777389,0.5,2.50000723313373
124.182091045523,0.5,2.50000681831641
124.254627313657,0.5,2.50000640946718
124.327163581791,0.5,2.50000600690157
124.399699849925,0.5,2.50000561091574
124.472236118059,0.5,2.50000522178683
124.544772386193,0.5,2.50000483977321
124.617308654327,0.5,2.5000044651149
124.689844922461,0.5,2.50000409803384
124.762381190595,0.5,2.50000373873429
124.834917458729,0.5,2.50000338740319
124.907453726863,0.5,2.5000030442105
124.979989994998,0.5,2.50000270930966
125.052526263132,0.5,2.50000238283789
125.125062531266,0.5,2.50000206491666
125.1975987994,0.5,2.50000175565207
125.270135067534,0.5,2.50000145513524
125.342671335668,0.5,2.50000116344276
125.415207603802,0.5,2.5000008806371
125.487743871936,0.5,2.50000060676701
125.56028014007,0.5,2.50000034186798
125.632816408204,0.5,2.50000008596262
125.705352676338,0.5,2.49999983906115
125.777888944472,0.5,2.49999960116178
125.850425212606,0.5,2.49999937225115
125.92296148074,0.5,2.49999915230477
125.995497748874,0.5,2.49999894128746
126.068034017009,0.5,2.49999873915374
126.140570285143,0.5,2.49999854584828
126.213106553277,0.5,2.49999836130631
126.285642821411,0.5,2.49999818545407
126.358179089545,0.5,2.49999801820919
126.430715357679,0.5,2.4999978594811
126.503251625813,0.5,2.49999770917149
126.575787893947,0.5,2.49999756717464
126.648324162081,0.5,2.49999743337788
126.720860430215,0.5,2.49999730766197
126.793396698349,0.5,2.49999718990146
126.865932966483,0.5,2.49999707996509
126.938469234617,0.5,2.49999697771619
127.011005502751,0.5,2.49999688301302
127.083541770885,0.5,2.49999679570912
127.15607803902,0.5,2.49999671565373
127.228614307154,0.5,2.49999664269207
127.301150575288,0.5,2.4999965766657
127.373686843422,0.5,2.4999965174129
127.446223111556,0.5,2.49999646476893
127.51875937969,0.5,2.49999641856639
127.591295647824,0.5,2.49999637863554
127.663831915958,0.5,2.49999634480457
127.736368184092,0.5,2.49999631689989
127.808904452226,0.5,2.49999629474648
127.88144072036,0.5,2.4999962781681
127.953976988494,0.5,2.49999626698758
128.026513256628,0.5,2.49999626102711
128.099049524762,0.5,2.49999626010845
128.171585792896,0.5,2.49999626405322
128.244122061031,0.5,2.49999627268309
128.316658329165,0.5,2.49999628582003
128.389194597299,0.5,2.49999630328654
128.461730865433,0.5,2.49999632490586
128.534267133567,0.5,2.49999635050214
128.606803401701,0.5,2.49999637990066
128.679339669835,0.5,2.49999641292802
128.751875937969,0.5,2.49999644941232
128.824412206103,0.5,2.49999648918328
128.896948474237,0.5,2.49999653207248
128.969484742371,0.5,2.49999657791346
129.042021010505,0.5,2.49999662654186
129.114557278639,0.5,2.49999667779558
129.187093546773,0.5,2.49999673151492
129.259629814907,0.5,2.49999678754267
129.332166083042,0.5,2.49999684572423
129.404702351176,0.5,2.49999690590774
129.47723861931,0.5,2.49999696794416
129.549774887444,0.5,2.49999703168735
129.622311155578,0.5,2.4999970969942
129.694847423712,0.5,2.49999716372465
129.767383691846,0.5,2.49999723174179
129.83991995998,0.5,2.49999730091196
129.912456228114,0.5,2.49999737110472
129.984992496248,0.5,2.499997442193
130.057528764382,0.5,2.49999751405307
130.130065032516,0.5,2.49999758656463
130.20260130065,0.5,2.4999976596108
130.275137568784,0.5,2.4999977330782
130.347673836918,0.5,2.49999780685693
130.420210105053,0.5,2.49999788084059
130.492746373187,0.5,2.49999795492633
130.565282641321,0.5,2.49999802901482
130.637818909455,0.5,2.49999810301026
130.710355177589,0.5,2.49999817682039
130.782891445723,0.5,2.49999825035647
130.855427713857,0.5,2.49999832353328
130.927963981991,0.5,2.49999839626909
131.000500250125,0.5,2.49999846848566
131.073036518259,0.5,2.49999854010821
131.145572786393,0.5,2.49999861106538
131.218109054527,0.5,2.49999868128922
131.290645322661,0.5,2.49999875071514
131.363181590795,0.5,2.49999881928188
131.435717858929,0.5,2.49999888693149
131.508254127064,0.5,2.49999895360925
131.580790395198,0.5,2.49999901926365
131.653326663332,0.5,2.49999908384634
131.725862931466,0.5,2.49999914731206
131.7983991996,0.5,2.49999920961864
131.870935467734,0.5,2.49999927072687
131.943471735868,0.5,2.4999993306005
132.016008004002,0.5,2.49999938920618
132.088544272136,0.5,2.49999944651337
132.16108054027,0.5,2.49999950249429
132.233616808404,0.5,2.49999955712387
132.306153076538,0.5,2.4999996103797
132.378689344672,0.5,2.49999966224189
132.451225612806,0.5,2.49999971269312
132.52376188094,0.5,2.49999976171846
132.596298149075,0.5,2.49999980930539
132.668834417209,0.5,2.49999985544366
132.741370685343,0.5,2.49999990012528
132.813906953477,0.5,2.49999994334442
132.886443221611,0.5,2.49999998509735
132.958979489745,0.5,2.50000002538236
133.031515757879,0.5,2.5000000641997
133.104052026013,0.5,2.5000001015515
133.176588294147,0.5,2.50000013744173
133.249124562281,0.5,2.50000017187608
133.321660830415,0.5,2.50000020486192
133.394197098549,0.5,2.50000023640826
133.466733366683,0.5,2.5000002665256
133.539269634817,0.5,2.50000029522595
133.611805902952,0.5,2.50000032252271
133.684342171086,0.5,2.50000034843061
133.75687843922,0.5,2.50000037296566
133.829414707354,0.5,2.50000039614506
133.901950975488,0.5,2.50000041798717
133.974487243622,0.5,2.50000043851139
134.047023511756,0.5,2.50000045773816
134.11955977989,0.5,2.50000047568887
134.192096048024,0.5,2.50000049238576
134.264632316158,0.5,2.50000050785194
134.337168584292,0.5,2.50000052211127
134.409704852426,0.5,2.50000053518831
134.48224112056,0.5,2.50000054710828
134.554777388694,0.5,2.50000055789699
134.627313656828,0.5,2.50000056758082
134.699849924962,0.5,2.50000057618659
134.772386193097,0.5,2.5000005837416
134.844922461231,0.5,2.50000059027351
134.917458729365,0.5,2.50000059581033
134.989994997499,0.5,2.50000060038035
135.062531265633,0.5,2.5000006040121
135.135067533767,0.5,2.50000060673431
135.207603801901,0.5,2.50000060857585
135.280140070035,0.5,2.50000060956573
135.352676338169,0.5,2.50000060973299
135.425212606303,0.5,2.50000060910673
135.497748874437,0.5,2.500000607716
135.570285142571,0.5,2.50000060558984
135.642821410705,0.5,2.50000060275719
135.715357678839,0.5,2.50000059924688
135.787893946974,0.5,2.50000059508756
135.860430215108,0.5,2.50000059030774
135.932966483242,0.5,2.50000058493568
136.005502751376,0.5,2.50000057899943
136.07803901951,0.5,2.50000057252674
136.150575287644,0.5,2.50000056554508
136.223111555778,0.5,2.5000005580816
136.295647823912,0.5,2.5000005501631
136.368184092046,0.5,2.50000054181601
136.44072036018,0.5,2.50000053306639
136.513256628314,0.5,2.50000052393987
136.585792896448,0.5,2.50000051446166
136.658329164582,0.5,2.50000050465654
136.730865432716,0.5,2.50000049454881
136.80340170085,0.5,2.50000048416231
136.875937968985,0.5,2.50000047352038
136.948474237119,0.5,2.50000046264587
137.021010505253,0.5,2.5000004515611
137.093546773387,0.5,2.50000044028789
137.166083041521,0.5,2.5000004288475
137.238619309655,0.5,2.50000041726067
137.311155577789,0.5,2.50000040554759
137.383691845923,0.5,2.50000039372787
137.456228114057,0.5,2.50000038182058
137.528764382191,0.5,2.50000036984423
137.601300650325,0.5,2.50000035781673
137.673836918459,0.5,2.50000034575546
137.746373186593,0.5,2.50000033367719
137.818909454727,0.5,2.50000032159812
137.891445722861,0.5,2.50000030953389
137.963981990996,0.5,2.50000029749956
138.03651825913,0.5,2.50000028550959
138.109054527264,0.5,2.50000027357791
138.181590795398,0.5,2.50000026171784
138.254127063532,0.5,2.50000024994215
138.326663331666,0.5,2.50000023826305
138.3991995998,0.5,2.50000022669218
138.471735867934,0.5,2.50000021524064
138.544272136068,0.5,2.50000020391896
138.616808404202,0.5,2.50000019273715
138.689344672336,0.5,2.50000018170466
138.76188094047,0.5,2.50000017083043
138.834417208604,0.5,2.50000016012286
138.906953476738,0.5,2.50000014958985
138.979489744872,0.5,2.50000013923879
139.052026013007,0.5,2.50000012907657
139.124562281141,0.5,2.50000011910959
139.197098549275,0.5,2.50000010934376
139.269634817409,0.5,2.50000009978454
139.342171085543,0.5,2.50000009043691
139.414707353677,0.5,2.50000008130542
139.487243621811,0.5,2.50000007239415
139.559779889945,0.5,2.50000006370678
139.632316158079,0.5,2.50000005524655
139.704852426213,0.5,2.5000000470163
139.777388694347,0.5,2.50000003901847
139.849924962481,0.5,2.50000003125511
139.922461230615,0.5,2.50000002372789
139.994997498749,0.5,2.50000001643814
140.067533766883,0.5,2.5000000093868
140.140070035018,0.5,2.50000000257449
140.212606303152,0.5,2.4999999960015
140.285142571286,0.5,2.49999998966779
140.35767883942,0.5,2.49999998357303
140.430215107554,0.5,2.49999997771657
140.502751375688,0.5,2.49999997209749
140.575287643822,0.5,2.49999996671459
140.647823911956,0.5,2.49999996156641
140.72036018009,0.5,2.49999995665125
140.792896448224,0.5,2.49999995196715
140.865432716358,0.5,2.49999994751193
140.937968984492,0.5,2.4999999432832
141.010505252626,0.5,2.49999993927835
141.08304152076,0.5,2.49999993549457
141.155577788894,0.5,2.49999993192889
141.228114057029,0.5,2.49999992857813
141.300650325163,0.5,2.49999992543898
141.373186593297,0.5,2.49999992250795
141.445722861431,0.5,2.49999991978141
141.518259129565,0.5,2.4999999172556
141.590795397699,0.5,2.49999991492663
141.663331665833,0.5,2.4999999127905
141.735867933967,0.5,2.49999991084311
141.808404202101,0.5,2.49999990908024
141.880940470235,0.5,2.49999990749759
141.953476738369,0.5,2.49999990609081
142.026013006503,0.5,2.49999990485542
142.098549274637,0.5,2.49999990378694
142.171085542771,0.5,2.49999990288079
142.243621810905,0.5,2.49999990213236
142.31615807904,0.5,2.499999901537
142.388694347174,0.5,2.49999990109003
142.461230615308,0.5,2.49999990078673
142.533766883442,0.5,2.49999990062239
142.606303151576,0.5,2.49999990059227
142.67883941971,0.5,2.49999990069162
142.751375687844,0.5,2.49999990091571
142.823911955978,0.5,2.4999999012598
142.896448224112,0.5,2.49999990171917
142.968984492246,0.5,2.49999990228912
143.04152076038,0.5,2.49999990296499
143.114057028514,0.5,2.49999990374212
143.186593296648,0.5,2.4999999046159
143.259129564782,0.5,2.49999990558177
143.331665832916,0.5,2.49999990663519
143.404202101051,0.5,2.49999990777168
143.476738369185,0.5,2.49999990898683
143.549274637319,0.5,2.49999991027625
143.621810905453,0.5,2.49999991163563
143.694347173587,0.5,2.49999991306074
143.766883441721,0.5,2.49999991454738
143.839419709855,0.5,2.49999991609145
143.911955977989,0.5,2.4999999176889
143.984492246123,0.5,2.49999991933577
144.057028514257,0.5,2.49999992102818
144.129564782391,0.5,2.4999999227623
144.202101050525,0.5,2.49999992453443
144.274637318659,0.5,2.49999992634092
144.347173586793,0.5,2.4999999281782
144.419709854927,0.5,2.49999993004281
144.492246123062,0.5,2.49999993193137
144.564782391196,0.5,2.49999993384059
144.63731865933,0.5,2.49999993576726
144.709854927464,0.5,2.49999993770827
144.782391195598,0.5,2.4999999396606
144.854927463732,0.5,2.49999994162133
144.927463731866,0.5,2.49999994358764
145,0.5,2.49999994555677
